"timestamp";"num_alumnes";"mal_de_panxa";"calfreds";"mal_de_cap";"mal_de_coll";"mocs";"nas_tapat";"esternut";"vomits";"altres";"be";"regular";"malament";"tos";"classe"
"09/02/2024";0;0;0;0;0;0;0;0;0;0;0;0;0;0;"Institut Torre Vicens Lleida 2n ESO  Classe1"
"10/02/2024";0;0;0;0;0;0;0;0;0;0;0;0;0;0;"Institut Torre Vicens Lleida 2n ESO  Classe1"
"11/02/2024";0;0;0;0;0;0;0;0;0;0;0;0;0;0;"Institut Torre Vicens Lleida 2n ESO  Classe1"
"12/02/2024";0;0;0;0;0;0;0;0;0;0;0;0;0;0;"Institut Torre Vicens Lleida 2n ESO  Classe1"
"13/02/2024";0;0;0;0;0;0;0;0;0;0;0;0;0;0;"Institut Torre Vicens Lleida 2n ESO  Classe1"
"14/02/2024";4;1;0;1;1;0;1;1;2;1;1;1;2;0;"Institut Torre Vicens Lleida 2n ESO  Classe1"
"15/02/2024";35;2;2;5;2;19;11;8;0;10;12;20;3;0;"Institut Torre Vicens Lleida 2n ESO  Classe1"
"16/02/2024";28;2;0;5;2;15;7;5;0;7;16;10;2;0;"Institut Torre Vicens Lleida 2n ESO  Classe1"
"19/02/2024";0;0;0;0;0;0;0;0;0;0;0;0;0;0;"Institut Torre Vicens Lleida 2n ESO  Classe1"
"20/02/2024";21;2;1;5;7;11;7;3;0;5;9;11;1;0;"Institut Torre Vicens Lleida 2n ESO  Classe1"
"21/02/2024";0;0;0;0;0;0;0;0;0;0;0;0;0;0;"Institut Torre Vicens Lleida 2n ESO  Classe1"
"22/02/2024";29;1;0;5;6;16;13;11;0;5;16;10;3;0;"Institut Torre Vicens Lleida 2n ESO  Classe1"
"23/02/2024";34;2;2;4;3;15;12;8;0;7;23;9;2;0;"Institut Torre Vicens Lleida 2n ESO  Classe1"
"26/02/2024";25;2;3;5;2;16;11;4;0;8;11;14;0;0;"Institut Torre Vicens Lleida 2n ESO  Classe1"
"27/02/2024";33;2;4;5;3;14;8;6;1;9;17;14;2;0;"Institut Torre Vicens Lleida 2n ESO  Classe1"
"28/02/2024";31;0;0;4;4;15;8;9;0;6;13;17;1;0;"Institut Torre Vicens Lleida 2n ESO  Classe1"
"29/02/2024";30;3;2;8;3;15;6;4;0;12;16;14;0;0;"Institut Torre Vicens Lleida 2n ESO  Classe1"
"01/03/2024";43;5;3;12;9;18;9;8;0;14;15;14;14;0;"Institut Torre Vicens Lleida 2n ESO  Classe1"
"04/03/2024";27;4;3;11;3;10;7;5;0;9;13;8;6;0;"Institut Torre Vicens Lleida 2n ESO  Classe1"
"05/03/2024";26;6;2;4;3;10;3;5;0;10;16;9;1;0;"Institut Torre Vicens Lleida 2n ESO  Classe1"
"06/03/2024";26;4;3;6;4;10;4;2;0;5;16;10;0;0;"Institut Torre Vicens Lleida 2n ESO  Classe1"
"07/03/2024";27;4;4;10;4;10;4;5;1;9;15;9;3;0;"Institut Torre Vicens Lleida 2n ESO  Classe1"
"08/03/2024";26;3;2;6;4;7;3;4;1;5;18;5;3;0;"Institut Torre Vicens Lleida 2n ESO  Classe1"
"12/03/2024";23;3;2;6;1;8;4;3;0;3;12;8;3;0;"Institut Torre Vicens Lleida 2n ESO  Classe1"
"13/03/2024";21;4;2;3;0;9;5;3;0;8;14;5;2;0;"Institut Torre Vicens Lleida 2n ESO  Classe1"
"14/03/2024";23;3;1;4;2;8;7;4;0;5;12;10;1;0;"Institut Torre Vicens Lleida 2n ESO  Classe1"
"15/03/2024";22;3;0;3;0;6;4;3;0;7;13;9;0;0;"Institut Torre Vicens Lleida 2n ESO  Classe1"
"18/03/2024";25;1;0;3;2;5;3;2;0;8;17;6;2;0;"Institut Torre Vicens Lleida 2n ESO  Classe1"
"19/03/2024";0;0;0;0;0;0;0;0;0;0;0;0;0;0;"Institut Torre Vicens Lleida 2n ESO  Classe1"
"20/03/2024";27;0;0;1;0;5;1;1;0;3;18;7;2;0;"Institut Torre Vicens Lleida 2n ESO  Classe1"
"21/03/2024";0;0;0;0;0;0;0;0;0;0;0;0;0;0;"Institut Torre Vicens Lleida 2n ESO  Classe1"
"25/03/2024";0;0;0;0;0;0;0;0;0;0;0;0;0;0;"Institut Torre Vicens Lleida 2n ESO  Classe1"
"28/03/2024";0;0;0;0;0;0;0;0;0;0;0;0;0;0;"Institut Torre Vicens Lleida 2n ESO  Classe1"
"02/04/2024";30;1;0;3;0;2;3;1;0;5;23;4;3;0;"Institut Torre Vicens Lleida 2n ESO  Classe1"
"03/04/2024";27;3;1;1;1;2;3;3;0;4;21;6;0;0;"Institut Torre Vicens Lleida 2n ESO  Classe1"
"05/04/2024";20;1;1;2;1;2;1;1;0;2;17;2;1;0;"Institut Torre Vicens Lleida 2n ESO  Classe1"
"08/04/2024";36;2;2;3;1;3;2;1;0;5;20;8;8;0;"Institut Torre Vicens Lleida 2n ESO  Classe1"
"09/04/2024";26;0;1;2;0;1;3;1;0;3;21;5;0;0;"Institut Torre Vicens Lleida 2n ESO  Classe1"
"12/04/2024";26;2;0;2;0;3;1;0;0;2;22;4;0;0;"Institut Torre Vicens Lleida 2n ESO  Classe1"
"15/04/2024";28;1;0;4;1;2;3;1;0;7;18;8;2;0;"Institut Torre Vicens Lleida 2n ESO  Classe1"
"16/04/2024";0;0;0;0;0;0;0;0;0;0;0;0;0;0;"Institut Torre Vicens Lleida 2n ESO  Classe1"
"17/04/2024";24;0;0;1;0;3;1;0;0;2;21;3;0;0;"Institut Torre Vicens Lleida 2n ESO  Classe1"
"18/04/2024";0;0;0;0;0;0;0;0;0;0;0;0;0;0;"Institut Torre Vicens Lleida 2n ESO  Classe1"
"19/04/2024";23;1;0;1;0;3;1;0;1;11;20;3;0;0;"Institut Torre Vicens Lleida 2n ESO  Classe1"
"22/04/2024";0;0;0;0;0;0;0;0;0;0;0;0;0;0;"Institut Torre Vicens Lleida 2n ESO  Classe1"
"23/04/2024";0;0;0;0;0;0;0;0;0;0;0;0;0;0;"Institut Torre Vicens Lleida 2n ESO  Classe1"
"24/04/2024";25;2;3;8;0;5;5;2;0;4;15;7;3;0;"Institut Torre Vicens Lleida 2n ESO  Classe1"
"26/04/2024";29;0;1;2;2;4;4;0;0;1;23;5;1;0;"Institut Torre Vicens Lleida 2n ESO  Classe1"
"30/04/2024";28;1;1;3;2;4;4;1;0;4;21;5;2;0;"Institut Torre Vicens Lleida 2n ESO  Classe1"
"06/05/2024";26;0;2;2;0;6;6;1;0;4;22;4;0;5;"Institut Torre Vicens Lleida 2n ESO  Classe1"
"07/05/2024";26;0;2;4;2;2;1;1;0;3;20;4;2;3;"Institut Torre Vicens Lleida 2n ESO  Classe1"
"08/05/2024";25;0;0;0;0;5;3;0;0;2;22;3;0;2;"Institut Torre Vicens Lleida 2n ESO  Classe1"
"09/05/2024";24;0;0;1;0;4;2;2;0;1;21;3;0;1;"Institut Torre Vicens Lleida 2n ESO  Classe1"
"13/05/2024";0;0;0;0;0;0;0;0;0;0;0;0;0;0;"Institut Torre Vicens Lleida 2n ESO  Classe1"
"14/05/2024";28;1;2;3;1;4;5;2;0;5;21;6;1;5;"Institut Torre Vicens Lleida 2n ESO  Classe1"
"24/05/2024";0;0;0;0;0;0;0;0;0;0;0;0;0;0;"Institut Torre Vicens Lleida 2n ESO  Classe1"
"26/05/2024";0;0;0;0;0;0;0;0;0;0;0;0;0;0;"Institut Torre Vicens Lleida 2n ESO  Classe1"
"30/05/2024";0;0;0;0;0;0;0;0;0;0;0;0;0;0;"Institut Torre Vicens Lleida 2n ESO  Classe1"
"07/06/2024";0;0;0;0;0;0;0;0;0;0;0;0;0;0;"Institut Torre Vicens Lleida 2n ESO  Classe1"
"09/02/2024";0;0;0;0;0;0;0;0;0;0;0;0;0;0;"Col·legi Santissima Trinitat Badalona Badalona 2n ESO  Classe2"
"10/02/2024";0;0;0;0;0;0;0;0;0;0;0;0;0;0;"Col·legi Santissima Trinitat Badalona Badalona 2n ESO  Classe2"
"11/02/2024";0;0;0;0;0;0;0;0;0;0;0;0;0;0;"Col·legi Santissima Trinitat Badalona Badalona 2n ESO  Classe2"
"12/02/2024";0;0;0;0;0;0;0;0;0;0;0;0;0;0;"Col·legi Santissima Trinitat Badalona Badalona 2n ESO  Classe2"
"13/02/2024";0;0;0;0;0;0;0;0;0;0;0;0;0;0;"Col·legi Santissima Trinitat Badalona Badalona 2n ESO  Classe2"
"14/02/2024";0;0;0;0;0;0;0;0;0;0;0;0;0;0;"Col·legi Santissima Trinitat Badalona Badalona 2n ESO  Classe2"
"14/02/2024";0;0;0;0;0;0;0;0;0;0;0;0;0;0;"Col·legi Santissima Trinitat Badalona Badalona 2n ESO  Classe2"
"15/02/2024";0;0;0;0;0;0;0;0;0;0;0;0;0;0;"Col·legi Santissima Trinitat Badalona Badalona 2n ESO  Classe2"
"16/02/2024";0;0;0;0;0;0;0;0;0;0;0;0;0;0;"Col·legi Santissima Trinitat Badalona Badalona 2n ESO  Classe2"
"17/02/2024";1;0;0;0;1;1;0;2;0;0;0;1;0;0;"Col·legi Santissima Trinitat Badalona Badalona 2n ESO  Classe2"
"19/02/2024";0;0;0;0;0;0;0;0;0;0;0;0;0;0;"Col·legi Santissima Trinitat Badalona Badalona 2n ESO  Classe2"
"20/02/2024";810;1;1;3;8;2;3;0;0;1;270;270;270;0;"Col·legi Santissima Trinitat Badalona Badalona 2n ESO  Classe2"
"21/02/2024";0;0;0;0;0;0;0;0;0;0;0;0;0;0;"Col·legi Santissima Trinitat Badalona Badalona 2n ESO  Classe2"
"22/02/2024";1236;0;0;0;2;1;2;3;0;2;1171;54;11;0;"Col·legi Santissima Trinitat Badalona Badalona 2n ESO  Classe2"
"23/02/2024";354;0;0;0;2;2;1;2;0;3;118;118;118;0;"Col·legi Santissima Trinitat Badalona Badalona 2n ESO  Classe2"
"26/02/2024";165;0;0;1;1;4;1;2;0;2;158;3;4;0;"Col·legi Santissima Trinitat Badalona Badalona 2n ESO  Classe2"
"27/02/2024";126;1;1;0;1;0;1;1;0;1;122;3;1;0;"Col·legi Santissima Trinitat Badalona Badalona 2n ESO  Classe2"
"28/02/2024";1;0;0;0;0;0;0;0;0;0;1;0;0;0;"Col·legi Santissima Trinitat Badalona Badalona 2n ESO  Classe2"
"29/02/2024";4;0;0;0;0;0;0;0;0;0;4;0;0;0;"Col·legi Santissima Trinitat Badalona Badalona 2n ESO  Classe2"
"01/03/2024";25;1;0;0;0;2;0;0;0;0;22;3;0;0;"Col·legi Santissima Trinitat Badalona Badalona 2n ESO  Classe2"
"04/03/2024";0;0;0;0;0;0;0;0;0;0;0;0;0;0;"Col·legi Santissima Trinitat Badalona Badalona 2n ESO  Classe2"
"06/03/2024";0;0;0;0;0;0;0;0;0;0;0;0;0;0;"Col·legi Santissima Trinitat Badalona Badalona 2n ESO  Classe2"
"07/03/2024";0;0;0;0;0;0;0;0;0;0;0;0;0;0;"Col·legi Santissima Trinitat Badalona Badalona 2n ESO  Classe2"
"08/03/2024";132;0;3;0;0;1;3;0;0;2;42;67;23;0;"Col·legi Santissima Trinitat Badalona Badalona 2n ESO  Classe2"
"09/03/2024";0;0;0;0;0;0;0;0;0;0;0;0;0;0;"Col·legi Santissima Trinitat Badalona Badalona 2n ESO  Classe2"
"11/03/2024";64;1;0;1;2;4;3;1;0;0;9;12;43;0;"Col·legi Santissima Trinitat Badalona Badalona 2n ESO  Classe2"
"15/03/2024";119;1;0;3;4;3;4;2;0;0;68;12;39;0;"Col·legi Santissima Trinitat Badalona Badalona 2n ESO  Classe2"
"18/03/2024";0;0;0;0;0;0;0;0;0;0;0;0;0;0;"Col·legi Santissima Trinitat Badalona Badalona 2n ESO  Classe2"
"20/03/2024";0;0;0;0;0;0;0;0;0;0;0;0;0;0;"Col·legi Santissima Trinitat Badalona Badalona 2n ESO  Classe2"
"21/03/2024";0;0;0;0;0;0;0;0;0;0;0;0;0;0;"Col·legi Santissima Trinitat Badalona Badalona 2n ESO  Classe2"
"27/03/2024";1;0;0;0;0;0;0;0;0;0;1;0;0;0;"Col·legi Santissima Trinitat Badalona Badalona 2n ESO  Classe2"
"28/03/2024";0;0;0;0;0;0;0;0;0;0;0;0;0;0;"Col·legi Santissima Trinitat Badalona Badalona 2n ESO  Classe2"
"01/04/2024";0;0;0;0;0;0;0;0;0;0;0;0;0;0;"Col·legi Santissima Trinitat Badalona Badalona 2n ESO  Classe2"
"02/04/2024";0;0;0;0;0;0;0;0;0;0;0;0;0;0;"Col·legi Santissima Trinitat Badalona Badalona 2n ESO  Classe2"
"04/04/2024";1;0;0;0;0;1;1;0;0;0;1;0;0;0;"Col·legi Santissima Trinitat Badalona Badalona 2n ESO  Classe2"
"09/04/2024";270;0;0;0;0;0;0;0;0;1;208;2;60;0;"Col·legi Santissima Trinitat Badalona Badalona 2n ESO  Classe2"
"12/04/2024";0;0;0;0;0;0;0;0;0;0;0;0;0;0;"Col·legi Santissima Trinitat Badalona Badalona 2n ESO  Classe2"
"13/04/2024";0;0;0;0;0;0;0;0;0;0;0;0;0;0;"Col·legi Santissima Trinitat Badalona Badalona 2n ESO  Classe2"
"16/04/2024";0;0;0;0;0;0;0;0;0;0;0;0;0;0;"Col·legi Santissima Trinitat Badalona Badalona 2n ESO  Classe2"
"18/04/2024";0;0;0;0;0;0;0;0;0;0;0;0;0;0;"Col·legi Santissima Trinitat Badalona Badalona 2n ESO  Classe2"
"19/04/2024";0;0;0;0;0;0;0;0;0;0;0;0;0;0;"Col·legi Santissima Trinitat Badalona Badalona 2n ESO  Classe2"
"24/04/2024";0;0;0;0;0;0;0;0;0;0;0;0;0;0;"Col·legi Santissima Trinitat Badalona Badalona 2n ESO  Classe2"
"30/04/2024";0;0;0;0;0;0;0;0;0;0;0;0;0;0;"Col·legi Santissima Trinitat Badalona Badalona 2n ESO  Classe2"
"01/05/2024";0;0;0;0;0;0;0;0;0;0;0;0;0;0;"Col·legi Santissima Trinitat Badalona Badalona 2n ESO  Classe2"
"09/05/2024";1;0;0;0;0;0;0;0;0;0;1;0;0;0;"Col·legi Santissima Trinitat Badalona Badalona 2n ESO  Classe2"
"10/05/2024";0;0;0;0;0;0;0;0;0;0;0;0;0;0;"Col·legi Santissima Trinitat Badalona Badalona 2n ESO  Classe2"
"11/05/2024";0;0;0;0;0;0;0;0;0;0;0;0;0;0;"Col·legi Santissima Trinitat Badalona Badalona 2n ESO  Classe2"
"14/05/2024";0;0;0;0;0;0;0;0;0;0;0;0;0;0;"Col·legi Santissima Trinitat Badalona Badalona 2n ESO  Classe2"
"23/05/2024";0;0;0;0;0;0;0;0;0;0;0;0;0;0;"Col·legi Santissima Trinitat Badalona Badalona 2n ESO  Classe2"
"30/05/2024";0;0;0;0;0;0;0;0;0;0;0;0;0;0;"Col·legi Santissima Trinitat Badalona Badalona 2n ESO  Classe2"
"31/05/2024";0;0;0;0;0;0;0;0;0;0;0;0;0;0;"Col·legi Santissima Trinitat Badalona Badalona 2n ESO  Classe2"
"07/06/2024";0;0;0;0;0;0;0;0;0;0;0;0;0;0;"Col·legi Santissima Trinitat Badalona Badalona 2n ESO  Classe2"
"09/02/2024";0;0;0;0;0;0;0;0;0;0;0;0;0;0;"Institut Priorat Falset 1r ESO A Classe3"
"10/02/2024";0;0;0;0;0;0;0;0;0;0;0;0;0;0;"Institut Priorat Falset 1r ESO A Classe3"
"11/02/2024";0;0;0;0;0;0;0;0;0;0;0;0;0;0;"Institut Priorat Falset 1r ESO A Classe3"
"12/02/2024";0;0;0;0;0;0;0;0;0;0;0;0;0;0;"Institut Priorat Falset 1r ESO A Classe3"
"13/02/2024";0;0;0;0;0;0;0;0;0;0;0;0;0;0;"Institut Priorat Falset 1r ESO A Classe3"
"14/02/2024";0;0;0;0;0;0;0;0;0;0;0;0;0;0;"Institut Priorat Falset 1r ESO A Classe3"
"15/02/2024";3;0;1;1;1;1;1;1;0;0;1;1;1;0;"Institut Priorat Falset 1r ESO A Classe3"
"16/02/2024";2;0;0;1;0;1;0;1;0;0;1;1;0;0;"Institut Priorat Falset 1r ESO A Classe3"
"21/02/2024";0;0;0;0;0;0;0;0;0;0;0;0;0;0;"Institut Priorat Falset 1r ESO A Classe3"
"04/03/2024";0;0;0;0;0;0;0;0;0;0;0;0;0;0;"Institut Priorat Falset 1r ESO A Classe3"
"07/03/2024";0;0;0;0;0;0;0;0;0;0;0;0;0;0;"Institut Priorat Falset 1r ESO A Classe3"
"19/03/2024";0;0;0;0;0;0;0;0;0;0;0;0;0;0;"Institut Priorat Falset 1r ESO A Classe3"
"10/04/2024";21;0;0;2;0;0;1;0;0;0;13;4;4;0;"Institut Priorat Falset 1r ESO A Classe3"
"11/04/2024";22;1;1;0;1;1;2;1;2;3;12;8;2;0;"Institut Priorat Falset 1r ESO A Classe3"
"12/04/2024";21;0;1;2;2;1;3;0;0;6;10;9;2;0;"Institut Priorat Falset 1r ESO A Classe3"
"15/04/2024";18;1;0;4;1;0;1;0;4;3;6;8;4;0;"Institut Priorat Falset 1r ESO A Classe3"
"16/04/2024";0;0;0;0;0;0;0;0;0;0;0;0;0;0;"Institut Priorat Falset 1r ESO A Classe3"
"18/04/2024";23;1;1;2;2;3;1;2;1;4;17;3;3;0;"Institut Priorat Falset 1r ESO A Classe3"
"19/04/2024";19;0;0;0;1;0;3;0;1;1;13;5;1;0;"Institut Priorat Falset 1r ESO A Classe3"
"22/04/2024";21;1;0;1;2;1;4;0;0;2;9;10;2;0;"Institut Priorat Falset 1r ESO A Classe3"
"23/04/2024";21;0;0;3;1;1;5;0;0;2;12;8;1;0;"Institut Priorat Falset 1r ESO A Classe3"
"24/04/2024";22;1;1;1;1;4;1;0;1;2;10;11;1;0;"Institut Priorat Falset 1r ESO A Classe3"
"29/04/2024";21;4;2;1;1;4;3;1;0;4;6;12;3;0;"Institut Priorat Falset 1r ESO A Classe3"
"30/04/2024";20;3;1;1;3;2;9;0;0;1;10;8;2;0;"Institut Priorat Falset 1r ESO A Classe3"
"02/05/2024";0;0;0;0;0;0;0;0;0;0;0;0;0;0;"Institut Priorat Falset 1r ESO A Classe3"
"03/05/2024";23;0;0;2;3;2;4;1;0;0;13;8;2;2;"Institut Priorat Falset 1r ESO A Classe3"
"06/05/2024";18;1;1;2;4;4;5;4;0;4;5;11;2;2;"Institut Priorat Falset 1r ESO A Classe3"
"07/05/2024";21;0;0;0;1;3;1;1;0;2;14;7;0;1;"Institut Priorat Falset 1r ESO A Classe3"
"09/05/2024";22;0;0;2;2;3;2;2;0;6;9;10;3;1;"Institut Priorat Falset 1r ESO A Classe3"
"10/05/2024";20;2;1;1;2;4;2;2;0;3;13;5;2;1;"Institut Priorat Falset 1r ESO A Classe3"
"11/05/2024";0;0;0;0;0;0;0;0;0;0;0;0;0;0;"Institut Priorat Falset 1r ESO A Classe3"
"13/05/2024";20;1;1;0;2;4;2;1;0;4;9;10;1;1;"Institut Priorat Falset 1r ESO A Classe3"
"14/05/2024";21;0;0;0;1;3;0;2;0;6;9;10;2;2;"Institut Priorat Falset 1r ESO A Classe3"
"15/05/2024";21;0;0;0;1;1;0;1;0;5;13;7;1;1;"Institut Priorat Falset 1r ESO A Classe3"
"16/05/2024";21;2;0;0;2;4;2;2;0;4;9;10;2;3;"Institut Priorat Falset 1r ESO A Classe3"
"17/05/2024";22;1;1;1;1;3;2;5;0;3;15;6;1;4;"Institut Priorat Falset 1r ESO A Classe3"
"21/05/2024";21;1;0;1;1;2;1;2;0;2;15;4;2;2;"Institut Priorat Falset 1r ESO A Classe3"
"22/05/2024";16;0;0;0;2;3;1;1;0;1;9;5;2;1;"Institut Priorat Falset 1r ESO A Classe3"
"24/05/2024";22;0;0;0;1;2;2;1;0;3;19;2;1;2;"Institut Priorat Falset 1r ESO A Classe3"
"27/05/2024";21;1;1;1;2;1;1;1;1;3;16;4;1;2;"Institut Priorat Falset 1r ESO A Classe3"
"28/05/2024";20;1;1;2;2;4;3;3;1;4;12;6;2;4;"Institut Priorat Falset 1r ESO A Classe3"
"29/05/2024";14;0;0;1;1;2;1;1;1;3;10;3;1;4;"Institut Priorat Falset 1r ESO A Classe3"
"30/05/2024";48;0;1;0;1;0;1;1;0;2;42;4;2;2;"Institut Priorat Falset 1r ESO A Classe3"
"03/06/2024";23;0;0;2;2;2;4;2;0;5;13;5;5;4;"Institut Priorat Falset 1r ESO A Classe3"
"04/06/2024";17;1;0;1;2;3;2;0;0;4;8;6;3;2;"Institut Priorat Falset 1r ESO A Classe3"
"05/06/2024";20;0;0;0;1;1;1;1;0;3;15;3;2;2;"Institut Priorat Falset 1r ESO A Classe3"
"11/06/2024";19;1;0;0;1;3;3;0;0;5;11;5;3;2;"Institut Priorat Falset 1r ESO A Classe3"
"12/06/2024";22;0;1;0;1;2;1;1;0;2;15;5;2;2;"Institut Priorat Falset 1r ESO A Classe3"
"14/06/2024";24;0;0;0;3;1;2;1;0;4;18;5;1;2;"Institut Priorat Falset 1r ESO A Classe3"
"09/02/2024";0;0;0;0;0;0;0;0;0;0;0;0;0;0;"Institut Priorat Falset 1r ESO B Classe4"
"10/02/2024";0;0;0;0;0;0;0;0;0;0;0;0;0;0;"Institut Priorat Falset 1r ESO B Classe4"
"11/02/2024";0;0;0;0;0;0;0;0;0;0;0;0;0;0;"Institut Priorat Falset 1r ESO B Classe4"
"12/02/2024";0;0;0;0;0;0;0;0;0;0;0;0;0;0;"Institut Priorat Falset 1r ESO B Classe4"
"13/02/2024";0;0;0;0;0;0;0;0;0;0;0;0;0;0;"Institut Priorat Falset 1r ESO B Classe4"
"14/02/2024";0;0;0;0;0;0;0;0;0;0;0;0;0;0;"Institut Priorat Falset 1r ESO B Classe4"
"15/02/2024";3;0;1;1;1;1;1;1;0;0;1;1;1;0;"Institut Priorat Falset 1r ESO B Classe4"
"16/02/2024";1;0;0;1;1;0;0;1;1;0;1;0;0;0;"Institut Priorat Falset 1r ESO B Classe4"
"21/02/2024";0;0;0;0;0;0;0;0;0;0;0;0;0;0;"Institut Priorat Falset 1r ESO B Classe4"
"05/04/2024";0;0;0;0;0;0;0;0;0;2;0;0;0;0;"Institut Priorat Falset 1r ESO B Classe4"
"08/04/2024";30;0;0;2;0;3;0;0;0;5;16;10;4;0;"Institut Priorat Falset 1r ESO B Classe4"
"09/04/2024";21;0;1;0;0;1;0;0;0;2;16;5;0;0;"Institut Priorat Falset 1r ESO B Classe4"
"10/04/2024";16;0;0;0;0;0;0;0;0;1;15;1;0;0;"Institut Priorat Falset 1r ESO B Classe4"
"11/04/2024";25;1;0;2;0;1;0;0;0;3;15;9;1;0;"Institut Priorat Falset 1r ESO B Classe4"
"12/04/2024";21;0;0;2;1;1;0;0;0;3;13;6;2;0;"Institut Priorat Falset 1r ESO B Classe4"
"15/04/2024";17;0;0;0;0;0;0;0;0;1;16;1;0;0;"Institut Priorat Falset 1r ESO B Classe4"
"16/04/2024";22;0;0;0;0;1;0;1;0;2;18;3;1;0;"Institut Priorat Falset 1r ESO B Classe4"
"17/04/2024";18;0;0;1;0;1;0;1;0;2;13;1;4;0;"Institut Priorat Falset 1r ESO B Classe4"
"18/04/2024";0;0;0;0;0;0;0;0;0;0;0;0;0;0;"Institut Priorat Falset 1r ESO B Classe4"
"19/04/2024";0;0;0;0;0;0;0;0;0;0;0;0;0;0;"Institut Priorat Falset 1r ESO B Classe4"
"22/04/2024";23;0;0;1;0;0;1;0;0;0;19;4;0;0;"Institut Priorat Falset 1r ESO B Classe4"
"23/04/2024";18;0;0;0;0;0;1;0;0;0;16;2;0;0;"Institut Priorat Falset 1r ESO B Classe4"
"24/04/2024";20;0;0;0;1;0;2;0;0;1;16;3;1;0;"Institut Priorat Falset 1r ESO B Classe4"
"25/04/2024";24;0;0;1;0;0;1;0;0;1;20;3;1;0;"Institut Priorat Falset 1r ESO B Classe4"
"29/04/2024";23;0;0;0;0;0;1;0;0;0;21;2;0;0;"Institut Priorat Falset 1r ESO B Classe4"
"30/04/2024";21;0;0;0;0;0;1;0;0;1;18;3;0;0;"Institut Priorat Falset 1r ESO B Classe4"
"06/05/2024";18;0;0;1;0;0;0;0;0;2;15;3;0;0;"Institut Priorat Falset 1r ESO B Classe4"
"07/05/2024";21;0;1;0;0;0;0;0;0;3;16;4;1;0;"Institut Priorat Falset 1r ESO B Classe4"
"09/05/2024";27;0;0;1;0;1;0;0;0;1;24;3;0;0;"Institut Priorat Falset 1r ESO B Classe4"
"10/05/2024";25;0;0;0;0;0;0;0;0;6;19;4;2;0;"Institut Priorat Falset 1r ESO B Classe4"
"13/05/2024";21;0;0;0;0;0;0;1;1;4;16;5;0;0;"Institut Priorat Falset 1r ESO B Classe4"
"14/05/2024";17;0;0;0;0;0;0;0;0;0;17;0;0;0;"Institut Priorat Falset 1r ESO B Classe4"
"15/05/2024";22;0;0;0;0;0;0;0;0;4;17;2;3;0;"Institut Priorat Falset 1r ESO B Classe4"
"16/05/2024";22;0;0;1;0;0;0;0;0;4;16;5;1;0;"Institut Priorat Falset 1r ESO B Classe4"
"17/05/2024";22;0;0;0;0;0;0;0;0;3;19;3;0;0;"Institut Priorat Falset 1r ESO B Classe4"
"21/05/2024";24;0;0;0;0;0;1;1;0;4;16;5;3;0;"Institut Priorat Falset 1r ESO B Classe4"
"22/05/2024";18;0;0;0;0;0;0;1;0;3;14;2;2;1;"Institut Priorat Falset 1r ESO B Classe4"
"27/05/2024";20;0;0;0;0;0;0;0;0;3;17;2;1;0;"Institut Priorat Falset 1r ESO B Classe4"
"28/05/2024";19;0;0;0;0;0;0;1;0;2;16;2;1;0;"Institut Priorat Falset 1r ESO B Classe4"
"29/05/2024";17;0;0;0;0;0;0;0;0;1;15;1;1;0;"Institut Priorat Falset 1r ESO B Classe4"
"30/05/2024";19;0;0;0;0;0;0;0;0;4;14;4;1;0;"Institut Priorat Falset 1r ESO B Classe4"
"31/05/2024";22;0;0;0;0;0;0;0;0;1;21;1;0;0;"Institut Priorat Falset 1r ESO B Classe4"
"03/06/2024";19;0;0;0;0;0;0;0;0;2;17;2;0;0;"Institut Priorat Falset 1r ESO B Classe4"
"04/06/2024";17;1;0;0;0;0;0;0;0;1;15;2;0;0;"Institut Priorat Falset 1r ESO B Classe4"
"07/06/2024";24;0;0;0;0;1;0;0;0;1;22;1;1;0;"Institut Priorat Falset 1r ESO B Classe4"
"10/06/2024";26;0;0;1;0;1;0;0;0;0;20;4;2;0;"Institut Priorat Falset 1r ESO B Classe4"
"12/06/2024";20;0;0;0;0;3;0;0;0;1;16;3;1;0;"Institut Priorat Falset 1r ESO B Classe4"
"17/06/2024";18;0;0;0;0;0;0;0;0;0;15;3;0;0;"Institut Priorat Falset 1r ESO B Classe4"
"09/02/2024";0;0;0;0;0;0;0;0;0;0;0;0;0;0;"Institut Priorat Falset 1r ESO C Classe5"
"10/02/2024";0;0;0;0;0;0;0;0;0;0;0;0;0;0;"Institut Priorat Falset 1r ESO C Classe5"
"11/02/2024";0;0;0;0;0;0;0;0;0;0;0;0;0;0;"Institut Priorat Falset 1r ESO C Classe5"
"12/02/2024";0;0;0;0;0;0;0;0;0;0;0;0;0;0;"Institut Priorat Falset 1r ESO C Classe5"
"13/02/2024";0;0;0;0;0;0;0;0;0;0;0;0;0;0;"Institut Priorat Falset 1r ESO C Classe5"
"14/02/2024";0;0;0;0;0;0;0;0;0;0;0;0;0;0;"Institut Priorat Falset 1r ESO C Classe5"
"15/02/2024";3;0;1;1;1;1;1;1;0;0;1;1;1;0;"Institut Priorat Falset 1r ESO C Classe5"
"16/02/2024";2;0;0;1;0;0;0;1;0;1;1;1;0;0;"Institut Priorat Falset 1r ESO C Classe5"
"21/02/2024";0;0;0;0;0;0;0;0;0;0;0;0;0;0;"Institut Priorat Falset 1r ESO C Classe5"
"22/02/2024";3;1;1;0;0;0;0;1;0;0;1;1;1;0;"Institut Priorat Falset 1r ESO C Classe5"
"29/02/2024";0;0;0;0;0;0;0;0;0;0;0;0;0;0;"Institut Priorat Falset 1r ESO C Classe5"
"07/03/2024";0;0;0;0;0;0;0;0;0;0;0;0;0;0;"Institut Priorat Falset 1r ESO C Classe5"
"09/04/2024";24;3;0;5;2;3;2;0;0;2;12;11;1;0;"Institut Priorat Falset 1r ESO C Classe5"
"10/04/2024";15;1;0;0;0;1;2;0;0;1;10;4;1;0;"Institut Priorat Falset 1r ESO C Classe5"
"11/04/2024";21;1;1;1;0;4;8;1;0;1;9;10;2;0;"Institut Priorat Falset 1r ESO C Classe5"
"12/04/2024";20;4;0;0;0;6;4;4;0;6;10;6;4;0;"Institut Priorat Falset 1r ESO C Classe5"
"15/04/2024";17;1;0;0;0;2;0;0;0;3;10;5;2;0;"Institut Priorat Falset 1r ESO C Classe5"
"16/04/2024";20;1;0;2;5;3;3;1;1;3;10;7;3;0;"Institut Priorat Falset 1r ESO C Classe5"
"17/04/2024";22;1;1;1;0;4;2;0;0;5;11;6;5;0;"Institut Priorat Falset 1r ESO C Classe5"
"18/04/2024";19;1;0;4;0;3;2;1;0;3;13;4;2;0;"Institut Priorat Falset 1r ESO C Classe5"
"19/04/2024";20;1;2;2;0;4;2;0;1;6;9;6;5;0;"Institut Priorat Falset 1r ESO C Classe5"
"22/04/2024";19;0;1;2;0;5;1;2;0;4;10;5;4;0;"Institut Priorat Falset 1r ESO C Classe5"
"23/04/2024";19;0;1;1;1;6;4;1;0;7;10;7;2;0;"Institut Priorat Falset 1r ESO C Classe5"
"24/04/2024";20;0;0;0;0;2;4;1;0;8;11;6;3;0;"Institut Priorat Falset 1r ESO C Classe5"
"25/04/2024";17;0;0;1;2;6;3;3;0;4;9;3;5;0;"Institut Priorat Falset 1r ESO C Classe5"
"29/04/2024";16;0;0;4;2;1;2;1;0;4;8;2;6;0;"Institut Priorat Falset 1r ESO C Classe5"
"30/04/2024";11;0;0;1;1;4;4;3;1;2;7;2;2;0;"Institut Priorat Falset 1r ESO C Classe5"
"02/05/2024";16;0;1;0;0;4;7;2;0;2;9;4;3;3;"Institut Priorat Falset 1r ESO C Classe5"
"03/05/2024";16;0;2;3;4;5;5;3;0;3;6;6;4;3;"Institut Priorat Falset 1r ESO C Classe5"
"06/05/2024";20;0;0;2;2;3;4;2;0;4;12;4;4;3;"Institut Priorat Falset 1r ESO C Classe5"
"07/05/2024";22;0;1;2;3;5;9;4;1;2;8;9;5;3;"Institut Priorat Falset 1r ESO C Classe5"
"09/05/2024";19;0;0;1;3;4;3;3;0;3;11;4;4;4;"Institut Priorat Falset 1r ESO C Classe5"
"10/05/2024";20;2;1;1;2;5;6;4;0;4;10;7;3;4;"Institut Priorat Falset 1r ESO C Classe5"
"13/05/2024";18;0;1;0;3;4;3;2;0;5;11;3;4;4;"Institut Priorat Falset 1r ESO C Classe5"
"14/05/2024";18;0;0;0;3;3;1;2;0;10;11;4;3;3;"Institut Priorat Falset 1r ESO C Classe5"
"15/05/2024";18;1;0;1;0;3;3;2;1;5;12;2;4;4;"Institut Priorat Falset 1r ESO C Classe5"
"16/05/2024";20;2;0;3;1;5;3;4;1;9;12;4;4;3;"Institut Priorat Falset 1r ESO C Classe5"
"17/05/2024";19;1;1;0;0;2;3;2;0;10;13;3;3;3;"Institut Priorat Falset 1r ESO C Classe5"
"21/05/2024";17;0;0;1;0;3;2;1;0;5;11;4;2;2;"Institut Priorat Falset 1r ESO C Classe5"
"22/05/2024";17;1;0;0;1;1;1;1;1;11;11;2;4;1;"Institut Priorat Falset 1r ESO C Classe5"
"24/05/2024";15;1;1;1;0;3;2;1;0;4;10;4;1;2;"Institut Priorat Falset 1r ESO C Classe5"
"27/05/2024";17;2;1;1;2;3;4;3;1;9;10;4;3;3;"Institut Priorat Falset 1r ESO C Classe5"
"28/05/2024";17;1;0;1;1;1;1;1;0;7;11;4;2;3;"Institut Priorat Falset 1r ESO C Classe5"
"29/05/2024";16;1;0;0;0;1;1;1;0;6;12;3;1;2;"Institut Priorat Falset 1r ESO C Classe5"
"30/05/2024";28;1;0;2;2;1;6;2;0;8;11;10;7;4;"Institut Priorat Falset 1r ESO C Classe5"
"31/05/2024";22;0;1;2;0;1;1;2;1;5;11;10;1;1;"Institut Priorat Falset 1r ESO C Classe5"
"03/06/2024";18;1;1;1;1;2;5;2;0;11;11;4;3;3;"Institut Priorat Falset 1r ESO C Classe5"
"04/06/2024";17;0;1;0;1;2;1;0;0;3;13;4;0;2;"Institut Priorat Falset 1r ESO C Classe5"
"05/06/2024";16;1;0;0;0;1;3;2;0;8;9;5;2;4;"Institut Priorat Falset 1r ESO C Classe5"
"07/06/2024";18;0;0;1;1;2;3;3;0;4;12;5;1;4;"Institut Priorat Falset 1r ESO C Classe5"
"10/06/2024";17;0;2;0;0;2;3;2;0;3;11;2;4;3;"Institut Priorat Falset 1r ESO C Classe5"
"11/06/2024";19;1;1;2;0;3;3;2;1;6;14;2;3;2;"Institut Priorat Falset 1r ESO C Classe5"
"12/06/2024";19;1;4;0;0;4;3;3;0;8;15;2;2;3;"Institut Priorat Falset 1r ESO C Classe5"
"13/06/2024";17;1;1;0;1;3;3;3;0;9;10;5;2;4;"Institut Priorat Falset 1r ESO C Classe5"
"14/06/2024";18;1;1;1;0;3;3;1;0;8;12;4;2;4;"Institut Priorat Falset 1r ESO C Classe5"
"09/02/2024";0;0;0;0;0;0;0;0;0;0;0;0;0;0;"Institut Priorat Falset 2n ESO A Classe6"
"10/02/2024";0;0;0;0;0;0;0;0;0;0;0;0;0;0;"Institut Priorat Falset 2n ESO A Classe6"
"11/02/2024";0;0;0;0;0;0;0;0;0;0;0;0;0;0;"Institut Priorat Falset 2n ESO A Classe6"
"12/02/2024";0;0;0;0;0;0;0;0;0;0;0;0;0;0;"Institut Priorat Falset 2n ESO A Classe6"
"13/02/2024";0;0;0;0;0;0;0;0;0;0;0;0;0;0;"Institut Priorat Falset 2n ESO A Classe6"
"14/02/2024";0;0;0;0;0;0;0;0;0;0;0;0;0;0;"Institut Priorat Falset 2n ESO A Classe6"
"15/02/2024";3;0;1;1;1;1;1;1;0;0;1;1;1;0;"Institut Priorat Falset 2n ESO A Classe6"
"16/02/2024";1;0;1;0;0;0;1;0;0;1;1;0;0;0;"Institut Priorat Falset 2n ESO A Classe6"
"21/02/2024";0;0;0;0;0;0;0;0;0;0;0;0;0;0;"Institut Priorat Falset 2n ESO A Classe6"
"01/03/2024";0;0;0;0;0;0;0;0;0;0;0;0;0;0;"Institut Priorat Falset 2n ESO A Classe6"
"05/03/2024";15;1;0;2;0;1;2;0;0;3;6;8;1;0;"Institut Priorat Falset 2n ESO A Classe6"
"06/03/2024";19;1;1;2;0;0;0;0;0;3;11;7;1;0;"Institut Priorat Falset 2n ESO A Classe6"
"07/03/2024";14;1;0;1;0;0;0;0;0;2;10;1;3;0;"Institut Priorat Falset 2n ESO A Classe6"
"08/03/2024";24;0;1;1;0;0;2;0;0;4;12;8;4;0;"Institut Priorat Falset 2n ESO A Classe6"
"11/03/2024";14;0;0;1;0;0;0;1;0;0;12;2;0;0;"Institut Priorat Falset 2n ESO A Classe6"
"12/03/2024";11;0;0;1;0;0;0;0;0;0;5;2;4;0;"Institut Priorat Falset 2n ESO A Classe6"
"13/03/2024";23;0;0;3;0;0;0;0;0;1;20;3;0;0;"Institut Priorat Falset 2n ESO A Classe6"
"19/03/2024";0;0;0;0;0;0;0;0;0;0;0;0;0;0;"Institut Priorat Falset 2n ESO A Classe6"
"03/04/2024";11;1;0;2;0;1;0;0;0;1;5;5;1;0;"Institut Priorat Falset 2n ESO A Classe6"
"04/04/2024";11;0;0;0;1;0;0;0;0;0;10;1;0;0;"Institut Priorat Falset 2n ESO A Classe6"
"05/04/2024";15;0;0;2;0;0;0;0;0;0;9;5;1;0;"Institut Priorat Falset 2n ESO A Classe6"
"12/04/2024";12;0;0;1;0;1;1;0;0;0;8;4;0;0;"Institut Priorat Falset 2n ESO A Classe6"
"15/04/2024";15;0;0;1;0;1;0;0;0;0;13;1;1;0;"Institut Priorat Falset 2n ESO A Classe6"
"16/04/2024";9;0;0;0;0;1;1;0;0;0;7;2;0;0;"Institut Priorat Falset 2n ESO A Classe6"
"17/04/2024";19;0;0;1;0;2;1;0;0;1;13;5;1;0;"Institut Priorat Falset 2n ESO A Classe6"
"19/04/2024";11;0;0;0;0;0;1;0;0;0;9;2;0;0;"Institut Priorat Falset 2n ESO A Classe6"
"24/04/2024";12;0;0;0;0;0;1;0;0;0;8;2;2;0;"Institut Priorat Falset 2n ESO A Classe6"
"30/04/2024";10;0;0;1;0;0;0;0;0;1;7;2;1;0;"Institut Priorat Falset 2n ESO A Classe6"
"09/05/2024";14;0;0;0;0;1;0;0;0;0;8;4;2;2;"Institut Priorat Falset 2n ESO A Classe6"
"15/05/2024";14;1;0;1;0;1;1;0;1;0;11;2;1;2;"Institut Priorat Falset 2n ESO A Classe6"
"16/05/2024";15;1;0;1;0;1;1;0;0;0;10;3;2;0;"Institut Priorat Falset 2n ESO A Classe6"
"17/05/2024";19;0;0;1;0;1;0;0;0;0;14;3;2;0;"Institut Priorat Falset 2n ESO A Classe6"
"22/05/2024";22;2;3;5;1;1;3;1;3;4;10;4;8;4;"Institut Priorat Falset 2n ESO A Classe6"
"24/05/2024";13;0;0;0;0;0;0;0;0;0;11;1;1;0;"Institut Priorat Falset 2n ESO A Classe6"
"27/05/2024";10;1;0;1;0;0;0;0;0;1;7;3;0;0;"Institut Priorat Falset 2n ESO A Classe6"
"28/05/2024";14;0;0;1;0;0;0;0;0;0;12;1;1;0;"Institut Priorat Falset 2n ESO A Classe6"
"29/05/2024";15;0;0;0;0;0;0;0;0;1;10;5;0;0;"Institut Priorat Falset 2n ESO A Classe6"
"31/05/2024";29;0;0;1;0;0;0;1;0;0;27;1;1;0;"Institut Priorat Falset 2n ESO A Classe6"
"04/06/2024";15;0;0;0;0;0;1;0;0;0;14;1;0;0;"Institut Priorat Falset 2n ESO A Classe6"
"06/06/2024";11;0;0;0;0;0;0;0;0;0;11;0;0;0;"Institut Priorat Falset 2n ESO A Classe6"
"12/06/2024";18;0;0;0;0;0;0;0;0;0;17;1;0;0;"Institut Priorat Falset 2n ESO A Classe6"
"09/02/2024";0;0;0;0;0;0;0;0;0;0;0;0;0;0;"Institut Priorat Falset 2n ESO B Classe7"
"10/02/2024";0;0;0;0;0;0;0;0;0;0;0;0;0;0;"Institut Priorat Falset 2n ESO B Classe7"
"11/02/2024";0;0;0;0;0;0;0;0;0;0;0;0;0;0;"Institut Priorat Falset 2n ESO B Classe7"
"12/02/2024";0;0;0;0;0;0;0;0;0;0;0;0;0;0;"Institut Priorat Falset 2n ESO B Classe7"
"13/02/2024";0;0;0;0;0;0;0;0;0;0;0;0;0;0;"Institut Priorat Falset 2n ESO B Classe7"
"14/02/2024";0;0;0;0;0;0;0;0;0;0;0;0;0;0;"Institut Priorat Falset 2n ESO B Classe7"
"15/02/2024";3;0;1;1;1;1;1;1;0;0;1;1;1;0;"Institut Priorat Falset 2n ESO B Classe7"
"16/02/2024";1;0;1;1;1;0;0;0;0;0;1;0;0;0;"Institut Priorat Falset 2n ESO B Classe7"
"21/02/2024";0;0;0;0;0;0;0;0;0;0;0;0;0;0;"Institut Priorat Falset 2n ESO B Classe7"
"05/03/2024";21;1;0;0;2;4;5;1;0;1;9;10;2;0;"Institut Priorat Falset 2n ESO B Classe7"
"06/03/2024";22;2;2;3;4;6;7;3;2;2;10;9;3;0;"Institut Priorat Falset 2n ESO B Classe7"
"07/03/2024";19;0;1;3;0;2;4;1;0;1;9;6;4;0;"Institut Priorat Falset 2n ESO B Classe7"
"08/03/2024";18;0;0;0;1;5;5;0;0;5;8;7;3;0;"Institut Priorat Falset 2n ESO B Classe7"
"11/03/2024";16;0;1;1;0;1;3;2;0;1;10;3;3;0;"Institut Priorat Falset 2n ESO B Classe7"
"12/03/2024";21;0;2;0;0;2;5;0;0;0;15;5;1;0;"Institut Priorat Falset 2n ESO B Classe7"
"13/03/2024";23;1;0;0;1;0;3;0;0;4;15;6;2;0;"Institut Priorat Falset 2n ESO B Classe7"
"14/03/2024";23;0;0;0;0;1;5;1;0;2;18;4;1;0;"Institut Priorat Falset 2n ESO B Classe7"
"18/03/2024";23;0;0;1;0;0;2;0;0;0;19;3;1;0;"Institut Priorat Falset 2n ESO B Classe7"
"19/03/2024";20;0;0;0;0;0;2;0;0;1;17;2;1;0;"Institut Priorat Falset 2n ESO B Classe7"
"08/04/2024";23;1;0;0;0;0;2;0;0;5;14;7;2;0;"Institut Priorat Falset 2n ESO B Classe7"
"16/04/2024";20;0;0;0;0;0;1;1;0;3;14;4;2;0;"Institut Priorat Falset 2n ESO B Classe7"
"17/04/2024";23;0;0;0;0;2;2;0;0;3;18;2;3;0;"Institut Priorat Falset 2n ESO B Classe7"
"18/04/2024";14;1;0;0;1;2;0;0;0;1;10;1;3;0;"Institut Priorat Falset 2n ESO B Classe7"
"19/04/2024";20;1;2;1;2;2;2;0;0;2;13;4;3;0;"Institut Priorat Falset 2n ESO B Classe7"
"22/04/2024";25;2;1;2;1;4;2;0;0;5;17;2;6;0;"Institut Priorat Falset 2n ESO B Classe7"
"24/04/2024";21;1;2;2;1;2;2;1;3;4;14;3;4;0;"Institut Priorat Falset 2n ESO B Classe7"
"10/05/2024";0;0;0;0;0;0;0;0;0;0;0;0;0;0;"Institut Priorat Falset 2n ESO B Classe7"
"14/05/2024";23;1;0;1;0;2;4;0;0;3;11;8;4;1;"Institut Priorat Falset 2n ESO B Classe7"
"15/05/2024";22;1;1;1;0;2;2;0;0;3;12;7;3;0;"Institut Priorat Falset 2n ESO B Classe7"
"16/05/2024";20;1;2;1;0;0;1;1;0;2;15;3;2;1;"Institut Priorat Falset 2n ESO B Classe7"
"17/05/2024";21;0;0;0;0;0;3;0;0;2;16;4;1;0;"Institut Priorat Falset 2n ESO B Classe7"
"21/05/2024";20;0;1;0;0;1;0;0;0;5;14;4;2;0;"Institut Priorat Falset 2n ESO B Classe7"
"22/05/2024";25;0;1;2;0;0;4;0;2;3;14;5;6;1;"Institut Priorat Falset 2n ESO B Classe7"
"23/05/2024";21;0;0;0;0;1;3;0;1;2;14;5;2;0;"Institut Priorat Falset 2n ESO B Classe7"
"24/05/2024";21;0;0;2;1;0;0;0;0;0;18;2;1;0;"Institut Priorat Falset 2n ESO B Classe7"
"27/05/2024";28;1;1;1;1;1;1;1;1;1;19;6;3;2;"Institut Priorat Falset 2n ESO B Classe7"
"28/05/2024";22;0;0;0;0;0;0;0;0;2;19;2;1;0;"Institut Priorat Falset 2n ESO B Classe7"
"31/05/2024";20;0;0;2;1;1;0;0;0;2;13;5;2;1;"Institut Priorat Falset 2n ESO B Classe7"
"03/06/2024";22;1;0;1;0;0;3;1;0;2;18;2;2;1;"Institut Priorat Falset 2n ESO B Classe7"
"05/06/2024";4;0;0;0;0;0;0;0;0;0;2;2;0;0;"Institut Priorat Falset 2n ESO B Classe7"
"07/06/2024";25;0;1;0;0;4;1;0;0;5;18;2;5;0;"Institut Priorat Falset 2n ESO B Classe7"
"09/02/2024";0;0;0;0;0;0;0;0;0;0;0;0;0;0;"Institut Priorat Falset 2n ESO C Classe8"
"10/02/2024";0;0;0;0;0;0;0;0;0;0;0;0;0;0;"Institut Priorat Falset 2n ESO C Classe8"
"11/02/2024";0;0;0;0;0;0;0;0;0;0;0;0;0;0;"Institut Priorat Falset 2n ESO C Classe8"
"12/02/2024";0;0;0;0;0;0;0;0;0;0;0;0;0;0;"Institut Priorat Falset 2n ESO C Classe8"
"13/02/2024";0;0;0;0;0;0;0;0;0;0;0;0;0;0;"Institut Priorat Falset 2n ESO C Classe8"
"14/02/2024";0;0;0;0;0;0;0;0;0;0;0;0;0;0;"Institut Priorat Falset 2n ESO C Classe8"
"15/02/2024";3;0;1;1;1;1;1;1;0;0;1;1;1;0;"Institut Priorat Falset 2n ESO C Classe8"
"16/02/2024";2;0;0;1;0;1;1;3;0;1;1;1;0;0;"Institut Priorat Falset 2n ESO C Classe8"
"21/02/2024";1;0;0;1;1;0;1;0;0;0;1;0;0;0;"Institut Priorat Falset 2n ESO C Classe8"
"05/03/2024";22;0;0;0;0;2;2;0;0;1;12;9;1;0;"Institut Priorat Falset 2n ESO C Classe8"
"06/03/2024";25;0;0;1;1;2;4;1;0;0;11;11;3;0;"Institut Priorat Falset 2n ESO C Classe8"
"07/03/2024";23;0;0;1;0;1;3;0;2;1;11;9;3;0;"Institut Priorat Falset 2n ESO C Classe8"
"08/03/2024";22;1;0;1;0;0;0;0;0;0;14;7;1;0;"Institut Priorat Falset 2n ESO C Classe8"
"11/03/2024";21;1;0;1;0;2;2;0;0;2;10;8;3;0;"Institut Priorat Falset 2n ESO C Classe8"
"12/03/2024";19;0;0;1;0;3;3;0;0;1;9;9;1;0;"Institut Priorat Falset 2n ESO C Classe8"
"13/03/2024";22;0;0;1;0;0;1;0;0;0;14;7;1;0;"Institut Priorat Falset 2n ESO C Classe8"
"14/03/2024";20;0;0;2;0;1;1;0;0;0;12;6;2;0;"Institut Priorat Falset 2n ESO C Classe8"
"18/03/2024";23;0;0;1;0;0;0;0;0;1;15;5;3;0;"Institut Priorat Falset 2n ESO C Classe8"
"19/03/2024";22;0;0;1;0;0;1;0;0;0;17;4;1;0;"Institut Priorat Falset 2n ESO C Classe8"
"20/03/2024";22;0;0;1;0;0;0;0;0;0;18;4;0;0;"Institut Priorat Falset 2n ESO C Classe8"
"04/04/2024";22;0;0;2;0;0;0;0;0;0;16;2;4;0;"Institut Priorat Falset 2n ESO C Classe8"
"05/04/2024";22;0;0;5;0;0;0;0;0;0;17;5;0;0;"Institut Priorat Falset 2n ESO C Classe8"
"08/04/2024";25;0;0;2;1;0;0;0;0;0;11;11;3;0;"Institut Priorat Falset 2n ESO C Classe8"
"09/04/2024";18;0;0;1;1;0;0;0;0;0;12;6;0;0;"Institut Priorat Falset 2n ESO C Classe8"
"10/04/2024";20;0;0;1;1;0;1;1;0;0;14;6;0;0;"Institut Priorat Falset 2n ESO C Classe8"
"11/04/2024";19;0;0;1;0;0;0;0;0;0;15;4;0;0;"Institut Priorat Falset 2n ESO C Classe8"
"12/04/2024";24;0;0;1;0;0;0;0;0;0;18;6;0;0;"Institut Priorat Falset 2n ESO C Classe8"
"15/04/2024";22;0;1;1;1;1;0;1;0;1;18;4;0;0;"Institut Priorat Falset 2n ESO C Classe8"
"16/04/2024";43;0;0;1;0;0;1;0;0;0;34;6;3;0;"Institut Priorat Falset 2n ESO C Classe8"
"17/04/2024";24;0;0;1;0;1;2;1;0;1;11;4;9;0;"Institut Priorat Falset 2n ESO C Classe8"
"18/04/2024";20;0;0;1;0;1;2;0;0;0;14;6;0;0;"Institut Priorat Falset 2n ESO C Classe8"
"19/04/2024";19;0;0;1;0;1;0;0;0;0;13;6;0;0;"Institut Priorat Falset 2n ESO C Classe8"
"10/05/2024";19;0;0;1;0;0;2;0;0;0;14;5;0;1;"Institut Priorat Falset 2n ESO C Classe8"
"14/05/2024";20;0;0;1;0;1;1;0;0;0;14;6;0;1;"Institut Priorat Falset 2n ESO C Classe8"
"15/05/2024";74;0;0;3;0;0;1;0;2;0;67;7;0;0;"Institut Priorat Falset 2n ESO C Classe8"
"16/05/2024";18;0;0;1;0;1;0;0;0;0;15;3;0;0;"Institut Priorat Falset 2n ESO C Classe8"
"17/05/2024";21;0;0;1;0;1;0;0;0;0;19;2;0;0;"Institut Priorat Falset 2n ESO C Classe8"
"21/05/2024";40;1;0;1;0;4;0;0;0;7;33;3;4;0;"Institut Priorat Falset 2n ESO C Classe8"
"23/05/2024";23;0;0;2;0;0;0;0;0;0;15;8;0;0;"Institut Priorat Falset 2n ESO C Classe8"
"30/05/2024";17;1;0;1;0;0;0;0;0;1;13;4;0;0;"Institut Priorat Falset 2n ESO C Classe8"
"05/06/2024";23;0;0;1;0;0;0;0;0;0;16;6;1;0;"Institut Priorat Falset 2n ESO C Classe8"
"11/06/2024";26;0;0;2;0;1;1;1;0;0;15;9;2;1;"Institut Priorat Falset 2n ESO C Classe8"
"13/06/2024";16;0;0;0;0;0;0;0;0;0;11;5;0;0;"Institut Priorat Falset 2n ESO C Classe8"
"09/02/2024";0;0;0;0;0;0;0;0;0;0;0;0;0;0;"Escola Mercè Rodoreda Barcelona 3r primària A Classe9"
"10/02/2024";0;0;0;0;0;0;0;0;0;0;0;0;0;0;"Escola Mercè Rodoreda Barcelona 3r primària A Classe9"
"11/02/2024";0;0;0;0;0;0;0;0;0;0;0;0;0;0;"Escola Mercè Rodoreda Barcelona 3r primària A Classe9"
"12/02/2024";0;0;0;0;0;0;0;0;0;0;0;0;0;0;"Escola Mercè Rodoreda Barcelona 3r primària A Classe9"
"13/02/2024";0;0;0;0;0;0;0;0;0;0;0;0;0;0;"Escola Mercè Rodoreda Barcelona 3r primària A Classe9"
"14/02/2024";0;0;0;0;0;0;0;0;0;0;0;0;0;0;"Escola Mercè Rodoreda Barcelona 3r primària A Classe9"
"27/02/2024";0;0;0;0;0;0;0;0;0;0;0;0;0;0;"Escola Mercè Rodoreda Barcelona 3r primària A Classe9"
"28/02/2024";0;0;0;0;0;0;0;0;0;0;0;0;0;0;"Escola Mercè Rodoreda Barcelona 3r primària A Classe9"
"01/03/2024";0;0;0;0;0;0;0;0;0;0;0;0;0;0;"Escola Mercè Rodoreda Barcelona 3r primària A Classe9"
"08/03/2024";21;0;1;0;0;1;3;0;0;0;16;5;0;0;"Escola Mercè Rodoreda Barcelona 3r primària A Classe9"
"11/03/2024";22;1;0;1;1;2;2;0;0;0;15;7;0;0;"Escola Mercè Rodoreda Barcelona 3r primària A Classe9"
"13/03/2024";16;0;0;0;0;1;3;3;0;2;10;6;0;0;"Escola Mercè Rodoreda Barcelona 3r primària A Classe9"
"14/03/2024";19;1;0;0;2;0;3;1;0;1;12;6;1;0;"Escola Mercè Rodoreda Barcelona 3r primària A Classe9"
"15/03/2024";19;0;0;0;1;2;2;0;0;4;12;7;0;0;"Escola Mercè Rodoreda Barcelona 3r primària A Classe9"
"05/04/2024";19;0;0;0;1;0;0;0;0;1;17;2;0;0;"Escola Mercè Rodoreda Barcelona 3r primària A Classe9"
"11/04/2024";16;0;0;0;0;0;0;0;0;0;13;3;0;0;"Escola Mercè Rodoreda Barcelona 3r primària A Classe9"
"12/04/2024";22;0;0;1;1;0;2;0;0;1;17;5;0;0;"Escola Mercè Rodoreda Barcelona 3r primària A Classe9"
"15/04/2024";19;1;0;0;0;0;0;1;0;1;14;4;1;0;"Escola Mercè Rodoreda Barcelona 3r primària A Classe9"
"16/04/2024";5;0;0;0;0;2;0;0;0;0;3;2;0;0;"Escola Mercè Rodoreda Barcelona 3r primària A Classe9"
"18/04/2024";19;0;0;0;0;2;2;1;0;1;15;4;0;0;"Escola Mercè Rodoreda Barcelona 3r primària A Classe9"
"19/04/2024";20;0;0;0;1;3;2;0;0;0;16;3;1;0;"Escola Mercè Rodoreda Barcelona 3r primària A Classe9"
"22/04/2024";19;0;0;1;0;0;3;0;0;0;11;7;1;0;"Escola Mercè Rodoreda Barcelona 3r primària A Classe9"
"24/04/2024";18;0;0;0;0;0;1;0;0;1;13;5;0;0;"Escola Mercè Rodoreda Barcelona 3r primària A Classe9"
"06/05/2024";23;2;0;0;0;2;1;0;0;0;14;8;1;4;"Escola Mercè Rodoreda Barcelona 3r primària A Classe9"
"14/05/2024";20;1;0;0;0;4;0;1;0;0;15;5;0;2;"Escola Mercè Rodoreda Barcelona 3r primària A Classe9"
"15/05/2024";32;0;0;0;1;2;0;1;0;0;30;2;0;1;"Escola Mercè Rodoreda Barcelona 3r primària A Classe9"
"16/05/2024";19;0;0;0;1;2;1;1;0;0;14;5;0;2;"Escola Mercè Rodoreda Barcelona 3r primària A Classe9"
"23/05/2024";24;0;0;0;0;3;2;0;0;0;19;4;1;1;"Escola Mercè Rodoreda Barcelona 3r primària A Classe9"
"24/05/2024";23;0;0;0;1;5;6;2;0;1;16;7;0;2;"Escola Mercè Rodoreda Barcelona 3r primària A Classe9"
"29/05/2024";22;1;0;0;0;4;1;0;0;0;17;5;0;1;"Escola Mercè Rodoreda Barcelona 3r primària A Classe9"
"09/02/2024";0;0;0;0;0;0;0;0;0;0;0;0;0;0;"Escola Mercè Rodoreda Barcelona 3r primària B Classe10"
"10/02/2024";0;0;0;0;0;0;0;0;0;0;0;0;0;0;"Escola Mercè Rodoreda Barcelona 3r primària B Classe10"
"11/02/2024";0;0;0;0;0;0;0;0;0;0;0;0;0;0;"Escola Mercè Rodoreda Barcelona 3r primària B Classe10"
"12/02/2024";0;0;0;0;0;0;0;0;0;0;0;0;0;0;"Escola Mercè Rodoreda Barcelona 3r primària B Classe10"
"13/02/2024";0;0;0;0;0;0;0;0;0;0;0;0;0;0;"Escola Mercè Rodoreda Barcelona 3r primària B Classe10"
"14/02/2024";0;0;0;0;0;0;0;0;0;0;0;0;0;0;"Escola Mercè Rodoreda Barcelona 3r primària B Classe10"
"27/02/2024";0;0;0;0;0;0;0;0;0;0;0;0;0;0;"Escola Mercè Rodoreda Barcelona 3r primària B Classe10"
"28/02/2024";0;0;0;0;0;0;0;0;0;0;0;0;0;0;"Escola Mercè Rodoreda Barcelona 3r primària B Classe10"
"29/02/2024";0;0;0;0;0;0;0;0;0;0;0;0;0;0;"Escola Mercè Rodoreda Barcelona 3r primària B Classe10"
"01/03/2024";0;0;0;0;0;0;0;0;0;0;0;0;0;0;"Escola Mercè Rodoreda Barcelona 3r primària B Classe10"
"06/03/2024";0;0;0;0;0;0;0;0;0;0;0;0;0;0;"Escola Mercè Rodoreda Barcelona 3r primària B Classe10"
"07/03/2024";0;0;0;0;0;0;0;0;0;0;0;0;0;0;"Escola Mercè Rodoreda Barcelona 3r primària B Classe10"
"08/03/2024";25;1;1;1;1;3;0;2;0;3;15;8;2;0;"Escola Mercè Rodoreda Barcelona 3r primària B Classe10"
"11/03/2024";24;1;0;3;2;1;0;0;0;1;17;7;0;0;"Escola Mercè Rodoreda Barcelona 3r primària B Classe10"
"12/03/2024";0;0;0;0;0;0;0;0;0;0;0;0;0;0;"Escola Mercè Rodoreda Barcelona 3r primària B Classe10"
"13/03/2024";23;1;0;1;5;0;0;0;0;4;12;11;0;0;"Escola Mercè Rodoreda Barcelona 3r primària B Classe10"
"14/03/2024";23;0;0;2;2;2;1;1;0;2;13;10;0;0;"Escola Mercè Rodoreda Barcelona 3r primària B Classe10"
"15/03/2024";22;0;0;1;0;0;0;1;0;0;20;2;0;0;"Escola Mercè Rodoreda Barcelona 3r primària B Classe10"
"18/03/2024";25;1;0;1;3;0;0;0;0;0;19;6;0;0;"Escola Mercè Rodoreda Barcelona 3r primària B Classe10"
"19/03/2024";25;0;0;2;1;3;1;0;0;0;15;10;0;0;"Escola Mercè Rodoreda Barcelona 3r primària B Classe10"
"20/03/2024";25;0;0;3;1;0;0;1;0;0;20;5;0;0;"Escola Mercè Rodoreda Barcelona 3r primària B Classe10"
"21/03/2024";22;0;0;3;3;0;0;0;1;0;15;6;1;0;"Escola Mercè Rodoreda Barcelona 3r primària B Classe10"
"22/03/2024";23;0;0;0;1;0;0;0;0;0;22;1;0;0;"Escola Mercè Rodoreda Barcelona 3r primària B Classe10"
"02/04/2024";25;1;0;2;0;0;1;1;0;0;22;3;0;0;"Escola Mercè Rodoreda Barcelona 3r primària B Classe10"
"04/04/2024";24;1;0;0;0;0;1;0;0;0;22;2;0;0;"Escola Mercè Rodoreda Barcelona 3r primària B Classe10"
"05/04/2024";24;1;0;1;0;0;0;0;0;0;22;2;0;0;"Escola Mercè Rodoreda Barcelona 3r primària B Classe10"
"11/04/2024";23;0;0;1;2;0;0;1;0;0;20;3;0;0;"Escola Mercè Rodoreda Barcelona 3r primària B Classe10"
"12/04/2024";24;0;0;0;0;1;1;0;0;0;23;1;0;0;"Escola Mercè Rodoreda Barcelona 3r primària B Classe10"
"15/04/2024";24;0;0;2;0;0;0;0;0;1;20;4;0;0;"Escola Mercè Rodoreda Barcelona 3r primària B Classe10"
"16/04/2024";23;0;0;0;0;0;0;0;0;0;23;0;0;0;"Escola Mercè Rodoreda Barcelona 3r primària B Classe10"
"17/04/2024";24;1;0;1;1;0;0;0;0;0;21;2;1;0;"Escola Mercè Rodoreda Barcelona 3r primària B Classe10"
"18/04/2024";24;1;0;1;3;0;0;2;0;0;17;7;0;0;"Escola Mercè Rodoreda Barcelona 3r primària B Classe10"
"19/04/2024";23;1;0;0;1;0;0;0;0;0;19;4;0;0;"Escola Mercè Rodoreda Barcelona 3r primària B Classe10"
"22/04/2024";23;1;0;2;0;2;1;0;0;0;15;8;0;0;"Escola Mercè Rodoreda Barcelona 3r primària B Classe10"
"23/04/2024";23;1;0;0;1;4;0;0;0;0;14;9;0;0;"Escola Mercè Rodoreda Barcelona 3r primària B Classe10"
"24/04/2024";24;1;0;0;0;3;0;0;0;0;17;7;0;0;"Escola Mercè Rodoreda Barcelona 3r primària B Classe10"
"25/04/2024";24;1;0;1;3;2;0;0;0;0;18;5;1;0;"Escola Mercè Rodoreda Barcelona 3r primària B Classe10"
"26/04/2024";24;1;0;1;3;3;0;0;0;1;16;8;0;0;"Escola Mercè Rodoreda Barcelona 3r primària B Classe10"
"29/04/2024";20;2;0;1;1;2;0;0;0;0;13;6;1;0;"Escola Mercè Rodoreda Barcelona 3r primària B Classe10"
"30/04/2024";23;2;0;2;0;1;0;0;0;0;17;6;0;0;"Escola Mercè Rodoreda Barcelona 3r primària B Classe10"
"02/05/2024";24;0;1;0;0;4;0;0;0;0;18;6;0;1;"Escola Mercè Rodoreda Barcelona 3r primària B Classe10"
"03/05/2024";23;1;0;1;1;1;0;0;0;0;17;4;2;2;"Escola Mercè Rodoreda Barcelona 3r primària B Classe10"
"06/05/2024";25;1;0;1;1;2;0;0;0;0;18;7;0;2;"Escola Mercè Rodoreda Barcelona 3r primària B Classe10"
"07/05/2024";24;2;0;0;0;3;1;0;0;0;16;7;1;2;"Escola Mercè Rodoreda Barcelona 3r primària B Classe10"
"08/05/2024";25;1;0;2;1;2;0;0;0;0;18;6;1;1;"Escola Mercè Rodoreda Barcelona 3r primària B Classe10"
"09/05/2024";23;2;0;1;0;2;0;0;0;0;19;4;0;0;"Escola Mercè Rodoreda Barcelona 3r primària B Classe10"
"13/05/2024";19;1;0;0;0;1;0;0;0;1;15;3;1;1;"Escola Mercè Rodoreda Barcelona 3r primària B Classe10"
"14/05/2024";23;1;0;2;0;1;0;0;0;0;18;4;1;0;"Escola Mercè Rodoreda Barcelona 3r primària B Classe10"
"15/05/2024";23;0;0;1;0;1;0;0;0;0;21;2;0;0;"Escola Mercè Rodoreda Barcelona 3r primària B Classe10"
"09/02/2024";0;0;0;0;0;0;0;0;0;0;0;0;0;0;"Escola Mercè Rodoreda Barcelona 5è primària A Classe11"
"10/02/2024";0;0;0;0;0;0;0;0;0;0;0;0;0;0;"Escola Mercè Rodoreda Barcelona 5è primària A Classe11"
"11/02/2024";0;0;0;0;0;0;0;0;0;0;0;0;0;0;"Escola Mercè Rodoreda Barcelona 5è primària A Classe11"
"12/02/2024";0;0;0;0;0;0;0;0;0;0;0;0;0;0;"Escola Mercè Rodoreda Barcelona 5è primària A Classe11"
"13/02/2024";0;0;0;0;0;0;0;0;0;0;0;0;0;0;"Escola Mercè Rodoreda Barcelona 5è primària A Classe11"
"14/02/2024";0;0;0;0;0;0;0;0;0;0;0;0;0;0;"Escola Mercè Rodoreda Barcelona 5è primària A Classe11"
"23/02/2024";0;0;0;0;0;0;0;0;0;0;0;0;0;0;"Escola Mercè Rodoreda Barcelona 5è primària A Classe11"
"27/02/2024";0;0;0;0;0;0;0;0;0;0;0;0;0;0;"Escola Mercè Rodoreda Barcelona 5è primària A Classe11"
"28/02/2024";0;0;0;0;0;0;0;0;0;0;0;0;0;0;"Escola Mercè Rodoreda Barcelona 5è primària A Classe11"
"01/03/2024";0;0;0;0;0;0;0;0;0;0;0;0;0;0;"Escola Mercè Rodoreda Barcelona 5è primària A Classe11"
"13/03/2024";21;3;0;1;4;0;0;1;0;3;9;11;1;0;"Escola Mercè Rodoreda Barcelona 5è primària A Classe11"
"14/03/2024";29;3;0;0;2;3;1;3;0;3;10;15;4;0;"Escola Mercè Rodoreda Barcelona 5è primària A Classe11"
"18/03/2024";2;0;0;0;0;0;0;0;0;0;0;0;2;0;"Escola Mercè Rodoreda Barcelona 5è primària A Classe11"
"19/03/2024";27;2;0;1;4;2;1;2;0;1;15;9;3;0;"Escola Mercè Rodoreda Barcelona 5è primària A Classe11"
"21/03/2024";33;2;0;5;1;2;0;2;0;1;14;16;3;0;"Escola Mercè Rodoreda Barcelona 5è primària A Classe11"
"22/03/2024";20;1;0;0;9;0;0;0;0;0;17;2;1;0;"Escola Mercè Rodoreda Barcelona 5è primària A Classe11"
"02/04/2024";23;2;1;2;2;1;0;1;0;2;12;11;0;0;"Escola Mercè Rodoreda Barcelona 5è primària A Classe11"
"09/04/2024";32;0;0;3;1;3;0;0;0;2;19;11;2;0;"Escola Mercè Rodoreda Barcelona 5è primària A Classe11"
"11/04/2024";19;2;0;0;2;1;1;0;0;2;15;4;0;0;"Escola Mercè Rodoreda Barcelona 5è primària A Classe11"
"16/04/2024";25;1;0;1;1;2;3;20;0;1;12;11;2;0;"Escola Mercè Rodoreda Barcelona 5è primària A Classe11"
"17/04/2024";27;0;0;0;3;2;1;8;1;0;15;12;0;0;"Escola Mercè Rodoreda Barcelona 5è primària A Classe11"
"19/04/2024";42;6;0;0;1;1;1;16;1;2;21;20;1;0;"Escola Mercè Rodoreda Barcelona 5è primària A Classe11"
"25/04/2024";32;2;0;1;0;2;2;2;0;9;18;13;1;0;"Escola Mercè Rodoreda Barcelona 5è primària A Classe11"
"29/04/2024";25;3;0;0;0;3;0;1;0;0;18;7;0;0;"Escola Mercè Rodoreda Barcelona 5è primària A Classe11"
"30/04/2024";22;0;0;1;15;2;2;2;0;0;15;7;0;0;"Escola Mercè Rodoreda Barcelona 5è primària A Classe11"
"10/05/2024";24;2;0;1;2;3;1;1;0;1;18;6;0;0;"Escola Mercè Rodoreda Barcelona 5è primària A Classe11"
"13/05/2024";27;4;0;0;0;20;0;0;0;0;22;5;0;0;"Escola Mercè Rodoreda Barcelona 5è primària A Classe11"
"14/05/2024";24;1;0;1;1;1;1;0;0;0;17;7;0;2;"Escola Mercè Rodoreda Barcelona 5è primària A Classe11"
"21/05/2024";21;3;0;0;1;2;0;0;0;0;17;4;0;0;"Escola Mercè Rodoreda Barcelona 5è primària A Classe11"
"22/05/2024";39;1;1;1;1;3;2;1;1;2;30;7;2;2;"Escola Mercè Rodoreda Barcelona 5è primària A Classe11"
"09/02/2024";0;0;0;0;0;0;0;0;0;0;0;0;0;0;"Escola Mercè Rodoreda Barcelona 5è primària B Classe12"
"10/02/2024";0;0;0;0;0;0;0;0;0;0;0;0;0;0;"Escola Mercè Rodoreda Barcelona 5è primària B Classe12"
"11/02/2024";0;0;0;0;0;0;0;0;0;0;0;0;0;0;"Escola Mercè Rodoreda Barcelona 5è primària B Classe12"
"12/02/2024";0;0;0;0;0;0;0;0;0;0;0;0;0;0;"Escola Mercè Rodoreda Barcelona 5è primària B Classe12"
"13/02/2024";0;0;0;0;0;0;0;0;0;0;0;0;0;0;"Escola Mercè Rodoreda Barcelona 5è primària B Classe12"
"14/02/2024";0;0;0;0;0;0;0;0;0;0;0;0;0;0;"Escola Mercè Rodoreda Barcelona 5è primària B Classe12"
"23/02/2024";0;0;0;0;0;0;0;0;0;0;0;0;0;0;"Escola Mercè Rodoreda Barcelona 5è primària B Classe12"
"27/02/2024";0;0;0;0;0;0;0;0;0;0;0;0;0;0;"Escola Mercè Rodoreda Barcelona 5è primària B Classe12"
"28/02/2024";0;0;0;0;0;0;0;0;0;0;0;0;0;0;"Escola Mercè Rodoreda Barcelona 5è primària B Classe12"
"01/03/2024";0;0;0;0;0;0;0;0;0;0;0;0;0;0;"Escola Mercè Rodoreda Barcelona 5è primària B Classe12"
"13/03/2024";26;0;0;1;3;0;3;0;1;5;14;12;0;0;"Escola Mercè Rodoreda Barcelona 5è primària B Classe12"
"14/03/2024";25;0;0;2;1;0;4;0;0;5;15;10;0;0;"Escola Mercè Rodoreda Barcelona 5è primària B Classe12"
"18/03/2024";26;1;0;0;4;1;1;2;0;4;14;11;1;0;"Escola Mercè Rodoreda Barcelona 5è primària B Classe12"
"19/03/2024";23;0;0;0;2;0;0;1;0;7;12;10;1;0;"Escola Mercè Rodoreda Barcelona 5è primària B Classe12"
"20/03/2024";24;0;0;1;2;1;0;0;0;6;14;7;3;0;"Escola Mercè Rodoreda Barcelona 5è primària B Classe12"
"21/03/2024";22;1;1;2;1;1;0;0;0;4;13;6;3;0;"Escola Mercè Rodoreda Barcelona 5è primària B Classe12"
"22/03/2024";32;1;0;1;2;0;0;0;0;1;24;6;2;0;"Escola Mercè Rodoreda Barcelona 5è primària B Classe12"
"02/04/2024";25;0;0;2;2;1;0;0;0;4;16;9;0;0;"Escola Mercè Rodoreda Barcelona 5è primària B Classe12"
"03/04/2024";24;1;0;1;0;1;0;1;0;1;17;7;0;0;"Escola Mercè Rodoreda Barcelona 5è primària B Classe12"
"04/04/2024";25;0;0;2;2;1;1;0;0;3;15;10;0;0;"Escola Mercè Rodoreda Barcelona 5è primària B Classe12"
"05/04/2024";23;1;0;1;0;0;0;1;0;2;17;6;0;0;"Escola Mercè Rodoreda Barcelona 5è primària B Classe12"
"08/04/2024";24;1;0;0;0;1;0;0;1;5;16;8;0;0;"Escola Mercè Rodoreda Barcelona 5è primària B Classe12"
"09/04/2024";28;0;0;1;1;3;1;2;1;2;14;11;3;0;"Escola Mercè Rodoreda Barcelona 5è primària B Classe12"
"10/04/2024";26;2;2;0;0;0;0;0;1;3;14;11;1;0;"Escola Mercè Rodoreda Barcelona 5è primària B Classe12"
"12/04/2024";25;0;0;0;0;2;1;1;0;13;14;10;1;0;"Escola Mercè Rodoreda Barcelona 5è primària B Classe12"
"15/04/2024";22;0;0;2;0;3;1;2;0;3;6;14;2;0;"Escola Mercè Rodoreda Barcelona 5è primària B Classe12"
"16/04/2024";0;0;0;0;0;0;0;0;0;0;0;0;0;0;"Escola Mercè Rodoreda Barcelona 5è primària B Classe12"
"17/04/2024";19;1;0;0;1;5;2;0;0;5;3;14;2;0;"Escola Mercè Rodoreda Barcelona 5è primària B Classe12"
"18/04/2024";20;0;0;0;0;3;4;1;0;5;4;14;2;0;"Escola Mercè Rodoreda Barcelona 5è primària B Classe12"
"19/04/2024";24;1;0;0;0;5;6;1;0;3;9;11;4;0;"Escola Mercè Rodoreda Barcelona 5è primària B Classe12"
"22/04/2024";26;0;0;4;0;5;3;1;0;5;9;13;4;0;"Escola Mercè Rodoreda Barcelona 5è primària B Classe12"
"24/04/2024";14;0;0;0;1;4;4;0;0;0;4;9;1;0;"Escola Mercè Rodoreda Barcelona 5è primària B Classe12"
"25/04/2024";24;1;0;0;0;6;4;1;0;2;7;14;3;0;"Escola Mercè Rodoreda Barcelona 5è primària B Classe12"
"26/04/2024";24;0;0;1;0;3;4;0;0;5;8;14;2;0;"Escola Mercè Rodoreda Barcelona 5è primària B Classe12"
"29/04/2024";27;0;0;1;0;3;4;0;0;3;12;14;1;0;"Escola Mercè Rodoreda Barcelona 5è primària B Classe12"
"30/04/2024";24;1;1;0;0;5;2;0;0;2;10;13;1;0;"Escola Mercè Rodoreda Barcelona 5è primària B Classe12"
"02/05/2024";23;1;0;0;1;8;1;0;0;2;10;12;1;3;"Escola Mercè Rodoreda Barcelona 5è primària B Classe12"
"03/05/2024";24;0;0;0;1;7;3;0;0;3;4;19;1;3;"Escola Mercè Rodoreda Barcelona 5è primària B Classe12"
"09/05/2024";19;0;0;0;0;2;2;1;0;3;9;10;0;3;"Escola Mercè Rodoreda Barcelona 5è primària B Classe12"
"10/05/2024";18;0;0;0;3;2;2;4;0;3;5;11;2;3;"Escola Mercè Rodoreda Barcelona 5è primària B Classe12"
"13/05/2024";22;0;0;0;0;1;1;0;0;8;6;15;1;6;"Escola Mercè Rodoreda Barcelona 5è primària B Classe12"
"14/05/2024";24;1;0;0;2;4;0;0;0;3;11;12;1;7;"Escola Mercè Rodoreda Barcelona 5è primària B Classe12"
"16/05/2024";28;0;0;2;3;3;2;0;1;2;4;23;1;12;"Escola Mercè Rodoreda Barcelona 5è primària B Classe12"
"22/05/2024";20;1;0;2;0;3;2;1;0;5;6;12;2;2;"Escola Mercè Rodoreda Barcelona 5è primària B Classe12"
"24/05/2024";21;1;0;0;0;1;3;0;0;3;11;10;0;2;"Escola Mercè Rodoreda Barcelona 5è primària B Classe12"
"27/05/2024";23;1;0;2;0;1;1;0;0;8;8;14;1;4;"Escola Mercè Rodoreda Barcelona 5è primària B Classe12"
"28/05/2024";21;0;0;1;0;2;0;0;0;4;12;7;2;2;"Escola Mercè Rodoreda Barcelona 5è primària B Classe12"
"30/05/2024";21;0;0;0;1;1;0;0;1;4;13;8;0;2;"Escola Mercè Rodoreda Barcelona 5è primària B Classe12"
"31/05/2024";23;0;0;3;1;1;0;0;0;4;11;11;1;3;"Escola Mercè Rodoreda Barcelona 5è primària B Classe12"
"06/06/2024";25;0;0;1;0;1;0;0;0;3;17;7;1;3;"Escola Mercè Rodoreda Barcelona 5è primària B Classe12"
"07/06/2024";21;0;0;2;0;2;4;0;0;3;10;11;0;1;"Escola Mercè Rodoreda Barcelona 5è primària B Classe12"
"10/06/2024";19;0;0;1;0;5;0;0;0;3;10;9;0;1;"Escola Mercè Rodoreda Barcelona 5è primària B Classe12"
"11/06/2024";22;0;0;0;0;2;0;0;0;3;15;6;1;2;"Escola Mercè Rodoreda Barcelona 5è primària B Classe12"
"12/06/2024";20;0;0;1;0;1;0;0;0;5;11;7;2;2;"Escola Mercè Rodoreda Barcelona 5è primària B Classe12"
"13/06/2024";22;0;0;0;0;1;1;0;0;3;16;4;2;1;"Escola Mercè Rodoreda Barcelona 5è primària B Classe12"
"14/06/2024";22;0;0;0;1;1;1;0;0;3;15;7;0;1;"Escola Mercè Rodoreda Barcelona 5è primària B Classe12"
"09/02/2024";0;0;0;0;0;0;0;0;0;0;0;0;0;0;"Institut Palamós Palamós CAI A  Classe13"
"10/02/2024";0;0;0;0;0;0;0;0;0;0;0;0;0;0;"Institut Palamós Palamós CAI A  Classe13"
"11/02/2024";0;0;0;0;0;0;0;0;0;0;0;0;0;0;"Institut Palamós Palamós CAI A  Classe13"
"12/02/2024";0;0;0;0;0;0;0;0;0;0;0;0;0;0;"Institut Palamós Palamós CAI A  Classe13"
"13/02/2024";0;0;0;0;0;0;0;0;0;0;0;0;0;0;"Institut Palamós Palamós CAI A  Classe13"
"14/02/2024";0;0;0;0;0;0;0;0;0;0;0;0;0;0;"Institut Palamós Palamós CAI A  Classe13"
"23/02/2024";0;0;0;0;0;0;0;0;0;0;0;0;0;0;"Institut Palamós Palamós CAI A  Classe13"
"28/02/2024";0;0;0;0;0;0;0;0;0;0;0;0;0;0;"Institut Palamós Palamós CAI A  Classe13"
"29/02/2024";0;0;0;0;0;0;0;0;0;0;0;0;0;0;"Institut Palamós Palamós CAI A  Classe13"
"05/03/2024";0;0;0;0;0;0;0;0;0;0;0;0;0;0;"Institut Palamós Palamós CAI A  Classe13"
"06/03/2024";0;0;0;0;0;0;0;0;0;0;0;0;0;0;"Institut Palamós Palamós CAI A  Classe13"
"07/03/2024";0;0;0;0;0;0;0;0;0;0;0;0;0;0;"Institut Palamós Palamós CAI A  Classe13"
"08/03/2024";1;0;0;1;0;1;1;1;0;0;1;0;0;0;"Institut Palamós Palamós CAI A  Classe13"
"12/03/2024";9;1;0;1;1;0;0;1;0;1;4;4;1;0;"Institut Palamós Palamós CAI A  Classe13"
"13/03/2024";0;0;0;0;0;0;0;0;0;0;0;0;0;0;"Institut Palamós Palamós CAI A  Classe13"
"15/03/2024";12;2;1;2;0;3;0;1;0;1;6;6;0;0;"Institut Palamós Palamós CAI A  Classe13"
"19/03/2024";10;3;0;1;0;1;1;0;0;2;5;5;0;0;"Institut Palamós Palamós CAI A  Classe13"
"21/03/2024";10;1;0;1;0;0;0;0;0;3;6;4;0;0;"Institut Palamós Palamós CAI A  Classe13"
"02/04/2024";9;1;0;2;0;0;0;0;0;0;5;2;2;0;"Institut Palamós Palamós CAI A  Classe13"
"04/04/2024";10;0;0;1;1;3;2;1;0;0;7;3;0;0;"Institut Palamós Palamós CAI A  Classe13"
"05/04/2024";11;0;0;1;1;2;2;1;0;1;8;3;0;0;"Institut Palamós Palamós CAI A  Classe13"
"08/04/2024";9;0;0;0;0;0;0;0;0;2;9;0;0;0;"Institut Palamós Palamós CAI A  Classe13"
"09/04/2024";4;0;0;1;1;0;1;0;0;0;4;0;0;0;"Institut Palamós Palamós CAI A  Classe13"
"12/04/2024";8;0;0;0;0;0;0;0;0;2;6;2;0;0;"Institut Palamós Palamós CAI A  Classe13"
"19/04/2024";0;0;0;0;0;0;0;0;0;0;0;0;0;0;"Institut Palamós Palamós CAI A  Classe13"
"26/04/2024";7;0;0;0;1;2;0;0;0;0;7;0;0;0;"Institut Palamós Palamós CAI A  Classe13"
"09/02/2024";0;0;0;0;0;0;0;0;0;0;0;0;0;0;"Institut Palamós Palamós CAI B  Classe14"
"10/02/2024";0;0;0;0;0;0;0;0;0;0;0;0;0;0;"Institut Palamós Palamós CAI B  Classe14"
"11/02/2024";0;0;0;0;0;0;0;0;0;0;0;0;0;0;"Institut Palamós Palamós CAI B  Classe14"
"12/02/2024";0;0;0;0;0;0;0;0;0;0;0;0;0;0;"Institut Palamós Palamós CAI B  Classe14"
"13/02/2024";0;0;0;0;0;0;0;0;0;0;0;0;0;0;"Institut Palamós Palamós CAI B  Classe14"
"14/02/2024";0;0;0;0;0;0;0;0;0;0;0;0;0;0;"Institut Palamós Palamós CAI B  Classe14"
"23/02/2024";0;0;0;0;0;0;0;0;0;0;0;0;0;0;"Institut Palamós Palamós CAI B  Classe14"
"28/02/2024";83;0;0;0;0;0;1;41;0;0;31;24;28;0;"Institut Palamós Palamós CAI B  Classe14"
"06/03/2024";0;0;0;0;0;0;0;0;0;0;0;0;0;0;"Institut Palamós Palamós CAI B  Classe14"
"11/03/2024";0;0;0;0;0;0;0;0;0;0;0;0;0;0;"Institut Palamós Palamós CAI B  Classe14"
"12/03/2024";8;0;1;2;0;3;1;3;0;0;2;3;3;0;"Institut Palamós Palamós CAI B  Classe14"
"13/03/2024";10;4;3;7;1;3;2;1;0;0;3;6;1;0;"Institut Palamós Palamós CAI B  Classe14"
"14/03/2024";9;1;0;2;2;3;1;1;0;3;2;7;0;0;"Institut Palamós Palamós CAI B  Classe14"
"15/03/2024";0;0;0;0;0;0;0;0;0;0;0;0;0;0;"Institut Palamós Palamós CAI B  Classe14"
"18/03/2024";6;2;0;2;0;2;1;0;0;2;2;2;2;0;"Institut Palamós Palamós CAI B  Classe14"
"19/03/2024";8;3;0;2;1;3;0;1;0;2;3;3;2;0;"Institut Palamós Palamós CAI B  Classe14"
"20/03/2024";9;1;1;7;3;1;1;0;0;2;4;3;2;0;"Institut Palamós Palamós CAI B  Classe14"
"21/03/2024";0;0;0;0;0;0;0;0;0;0;0;0;0;0;"Institut Palamós Palamós CAI B  Classe14"
"03/04/2024";5;2;1;2;0;2;0;1;0;2;2;2;1;0;"Institut Palamós Palamós CAI B  Classe14"
"05/04/2024";7;0;0;1;1;3;0;0;1;2;4;2;1;0;"Institut Palamós Palamós CAI B  Classe14"
"08/04/2024";6;0;0;1;1;0;0;0;0;0;3;2;1;0;"Institut Palamós Palamós CAI B  Classe14"
"10/04/2024";6;0;0;2;1;1;0;1;0;2;2;3;1;0;"Institut Palamós Palamós CAI B  Classe14"
"12/04/2024";5;1;0;0;0;2;2;2;0;1;3;2;0;0;"Institut Palamós Palamós CAI B  Classe14"
"16/04/2024";0;0;0;0;0;0;0;0;0;0;0;0;0;0;"Institut Palamós Palamós CAI B  Classe14"
"19/04/2024";7;2;0;1;1;1;0;1;0;2;3;3;1;0;"Institut Palamós Palamós CAI B  Classe14"
"22/04/2024";9;0;0;2;2;1;1;1;0;2;4;5;0;0;"Institut Palamós Palamós CAI B  Classe14"
"09/02/2024";0;0;0;0;0;0;0;0;0;0;0;0;0;0;"Institut Palamós Palamós CAI C  Classe15"
"10/02/2024";0;0;0;0;0;0;0;0;0;0;0;0;0;0;"Institut Palamós Palamós CAI C  Classe15"
"11/02/2024";0;0;0;0;0;0;0;0;0;0;0;0;0;0;"Institut Palamós Palamós CAI C  Classe15"
"12/02/2024";0;0;0;0;0;0;0;0;0;0;0;0;0;0;"Institut Palamós Palamós CAI C  Classe15"
"13/02/2024";0;0;0;0;0;0;0;0;0;0;0;0;0;0;"Institut Palamós Palamós CAI C  Classe15"
"14/02/2024";0;0;0;0;0;0;0;0;0;0;0;0;0;0;"Institut Palamós Palamós CAI C  Classe15"
"23/02/2024";0;0;0;0;0;0;0;0;0;0;0;0;0;0;"Institut Palamós Palamós CAI C  Classe15"
"28/02/2024";0;0;0;0;0;0;0;0;0;0;0;0;0;0;"Institut Palamós Palamós CAI C  Classe15"
"04/03/2024";0;0;0;0;0;0;0;0;0;0;0;0;0;0;"Institut Palamós Palamós CAI C  Classe15"
"07/03/2024";0;0;0;0;0;0;0;0;0;0;0;0;0;0;"Institut Palamós Palamós CAI C  Classe15"
"08/03/2024";0;0;0;0;0;0;0;0;0;0;0;0;0;0;"Institut Palamós Palamós CAI C  Classe15"
"10/03/2024";0;0;0;0;0;0;0;0;0;0;0;0;0;0;"Institut Palamós Palamós CAI C  Classe15"
"11/03/2024";13;1;1;7;1;1;6;0;0;0;2;8;3;0;"Institut Palamós Palamós CAI C  Classe15"
"12/03/2024";10;1;0;4;0;2;2;1;0;2;3;4;3;0;"Institut Palamós Palamós CAI C  Classe15"
"13/03/2024";8;1;0;1;0;3;2;1;0;0;5;3;0;0;"Institut Palamós Palamós CAI C  Classe15"
"12/04/2024";0;0;0;0;0;0;0;0;0;0;0;0;0;0;"Institut Palamós Palamós CAI C  Classe15"
"19/04/2024";0;0;0;0;0;0;0;0;0;0;0;0;0;0;"Institut Palamós Palamós CAI C  Classe15"
"14/05/2024";0;0;0;0;0;0;0;0;0;0;0;0;0;0;"Institut Palamós Palamós CAI C  Classe15"
"02/06/2024";0;0;0;0;0;0;0;0;0;0;0;0;0;0;"Institut Palamós Palamós CAI C  Classe15"
"09/02/2024";0;0;0;0;0;0;0;0;0;0;0;0;0;0;"Institut Palamós Palamós CAI DE  Classe16"
"10/02/2024";0;0;0;0;0;0;0;0;0;0;0;0;0;0;"Institut Palamós Palamós CAI DE  Classe16"
"11/02/2024";0;0;0;0;0;0;0;0;0;0;0;0;0;0;"Institut Palamós Palamós CAI DE  Classe16"
"12/02/2024";0;0;0;0;0;0;0;0;0;0;0;0;0;0;"Institut Palamós Palamós CAI DE  Classe16"
"13/02/2024";0;0;0;0;0;0;0;0;0;0;0;0;0;0;"Institut Palamós Palamós CAI DE  Classe16"
"14/02/2024";0;0;0;0;0;0;0;0;0;0;0;0;0;0;"Institut Palamós Palamós CAI DE  Classe16"
"23/02/2024";0;0;0;0;0;0;0;0;0;0;0;0;0;0;"Institut Palamós Palamós CAI DE  Classe16"
"28/02/2024";0;0;0;0;0;0;0;0;0;0;0;0;0;0;"Institut Palamós Palamós CAI DE  Classe16"
"16/04/2024";0;0;0;0;0;0;0;0;0;0;0;0;0;0;"Institut Palamós Palamós CAI DE  Classe16"
"17/04/2024";0;0;0;0;0;0;0;0;0;0;0;0;0;0;"Institut Palamós Palamós CAI DE  Classe16"
"18/04/2024";27;3;3;5;3;18;3;3;3;3;9;12;6;0;"Institut Palamós Palamós CAI DE  Classe16"
"22/04/2024";0;0;0;0;0;0;0;0;0;0;0;0;0;0;"Institut Palamós Palamós CAI DE  Classe16"
"09/02/2024";0;0;0;0;0;0;0;0;0;0;0;0;0;0;"Institut Palamós Palamós FIP1  Classe17"
"10/02/2024";0;0;0;0;0;0;0;0;0;0;0;0;0;0;"Institut Palamós Palamós FIP1  Classe17"
"11/02/2024";0;0;0;0;0;0;0;0;0;0;0;0;0;0;"Institut Palamós Palamós FIP1  Classe17"
"12/02/2024";0;0;0;0;0;0;0;0;0;0;0;0;0;0;"Institut Palamós Palamós FIP1  Classe17"
"13/02/2024";0;0;0;0;0;0;0;0;0;0;0;0;0;0;"Institut Palamós Palamós FIP1  Classe17"
"14/02/2024";0;0;0;0;0;0;0;0;0;0;0;0;0;0;"Institut Palamós Palamós FIP1  Classe17"
"23/02/2024";0;0;0;0;0;0;0;0;0;0;0;0;0;0;"Institut Palamós Palamós FIP1  Classe17"
"28/02/2024";0;0;0;0;0;0;0;0;0;0;0;0;0;0;"Institut Palamós Palamós FIP1  Classe17"
"29/02/2024";0;0;0;0;0;0;0;0;0;0;0;0;0;0;"Institut Palamós Palamós FIP1  Classe17"
"06/03/2024";15;0;0;0;0;0;0;0;0;0;15;0;0;0;"Institut Palamós Palamós FIP1  Classe17"
"07/03/2024";22;0;0;0;0;1;1;1;0;0;17;3;2;0;"Institut Palamós Palamós FIP1  Classe17"
"08/03/2024";4;0;0;0;0;0;0;2;0;0;2;1;1;0;"Institut Palamós Palamós FIP1  Classe17"
"10/03/2024";0;0;0;0;0;0;0;0;0;0;0;0;0;0;"Institut Palamós Palamós FIP1  Classe17"
"11/03/2024";0;0;0;0;0;0;0;0;0;0;0;0;0;0;"Institut Palamós Palamós FIP1  Classe17"
"12/03/2024";22;2;0;3;3;5;3;2;0;0;15;6;1;0;"Institut Palamós Palamós FIP1  Classe17"
"13/03/2024";25;5;0;3;2;7;3;2;0;1;12;12;1;0;"Institut Palamós Palamós FIP1  Classe17"
"14/03/2024";24;5;2;4;4;8;5;3;1;3;7;13;4;0;"Institut Palamós Palamós FIP1  Classe17"
"15/03/2024";22;2;2;4;4;8;5;4;0;1;8;12;2;0;"Institut Palamós Palamós FIP1  Classe17"
"18/03/2024";23;1;1;2;2;3;3;4;0;1;14;8;1;0;"Institut Palamós Palamós FIP1  Classe17"
"19/03/2024";22;0;0;1;3;4;2;3;0;0;13;7;2;0;"Institut Palamós Palamós FIP1  Classe17"
"20/03/2024";17;0;0;1;3;3;2;0;0;1;11;6;0;0;"Institut Palamós Palamós FIP1  Classe17"
"21/03/2024";14;1;0;3;1;1;2;1;0;1;6;6;2;0;"Institut Palamós Palamós FIP1  Classe17"
"22/03/2024";9;0;0;1;2;4;1;1;0;0;3;5;1;0;"Institut Palamós Palamós FIP1  Classe17"
"03/04/2024";19;0;0;0;1;3;3;3;0;0;14;5;0;0;"Institut Palamós Palamós FIP1  Classe17"
"04/04/2024";12;0;0;2;0;0;1;1;0;0;6;6;0;0;"Institut Palamós Palamós FIP1  Classe17"
"08/04/2024";20;3;0;0;0;2;1;0;0;0;15;5;0;0;"Institut Palamós Palamós FIP1  Classe17"
"09/04/2024";17;1;0;2;1;4;2;0;0;0;8;8;1;0;"Institut Palamós Palamós FIP1  Classe17"
"10/04/2024";10;0;0;1;1;3;3;2;0;0;5;5;0;0;"Institut Palamós Palamós FIP1  Classe17"
"12/04/2024";22;0;0;1;1;1;3;0;0;0;17;5;0;0;"Institut Palamós Palamós FIP1  Classe17"
"16/04/2024";14;4;0;0;0;4;2;0;0;0;8;6;0;0;"Institut Palamós Palamós FIP1  Classe17"
"17/04/2024";12;0;0;0;1;0;1;0;0;0;7;5;0;0;"Institut Palamós Palamós FIP1  Classe17"
"18/04/2024";8;1;1;0;0;1;1;0;0;0;6;2;0;0;"Institut Palamós Palamós FIP1  Classe17"
"19/04/2024";14;0;2;2;0;0;0;0;0;2;10;4;0;0;"Institut Palamós Palamós FIP1  Classe17"
"22/04/2024";12;2;0;2;1;2;1;1;0;1;5;7;0;0;"Institut Palamós Palamós FIP1  Classe17"
"23/04/2024";15;0;2;2;0;1;1;0;0;1;7;8;0;0;"Institut Palamós Palamós FIP1  Classe17"
"24/04/2024";15;0;0;2;0;2;1;0;0;0;9;6;0;0;"Institut Palamós Palamós FIP1  Classe17"
"25/04/2024";7;0;0;0;0;3;0;2;0;0;4;3;0;0;"Institut Palamós Palamós FIP1  Classe17"
"26/04/2024";12;1;0;1;1;1;1;0;0;0;9;3;0;0;"Institut Palamós Palamós FIP1  Classe17"
"29/04/2024";12;0;0;0;0;1;0;1;0;0;9;3;0;0;"Institut Palamós Palamós FIP1  Classe17"
"30/04/2024";17;2;1;0;0;1;0;1;0;0;10;7;0;0;"Institut Palamós Palamós FIP1  Classe17"
"06/05/2024";6;1;1;1;0;1;1;1;0;0;3;3;0;0;"Institut Palamós Palamós FIP1  Classe17"
"07/05/2024";13;2;0;0;1;2;2;0;0;0;10;3;0;0;"Institut Palamós Palamós FIP1  Classe17"
"08/05/2024";9;1;0;0;1;1;2;0;0;0;5;4;0;1;"Institut Palamós Palamós FIP1  Classe17"
"09/05/2024";8;2;0;0;1;1;1;0;0;0;7;1;0;0;"Institut Palamós Palamós FIP1  Classe17"
"10/05/2024";0;0;0;0;0;0;0;0;0;0;0;0;0;0;"Institut Palamós Palamós FIP1  Classe17"
"13/05/2024";16;2;0;0;0;1;1;0;0;0;10;6;0;1;"Institut Palamós Palamós FIP1  Classe17"
"15/05/2024";19;2;0;0;0;1;1;0;0;0;12;7;0;0;"Institut Palamós Palamós FIP1  Classe17"
"16/05/2024";10;1;0;0;0;1;0;0;0;0;9;1;0;0;"Institut Palamós Palamós FIP1  Classe17"
"17/05/2024";12;1;0;0;0;4;2;1;0;1;9;3;0;1;"Institut Palamós Palamós FIP1  Classe17"
